Material,Absorbing element,Oxidation state,Coordination number,Average bond length (angstrom),Spectral shape group,Data source,Featured example
Ac2O3,Ac,3.0,7,2.6261,8,"Computed (Materials Project, DFT + FEFF) -- not a lab measurement",No
Ag2O,Ag,1.0,2,2.0585,4,"Computed (Materials Project, DFT + FEFF) -- not a lab measurement",No
Ag2O,Ag,1.0,2,2.1776,4,"Computed (Materials Project, DFT + FEFF) -- not a lab measurement",No
Ag2O3,Ag,3.0,6,2.2112,10,"Computed (Materials Project, DFT + FEFF) -- not a lab measurement",No
Ag2O3,Ag,3.0,4,2.0147,4,"Computed (Materials Project, DFT + FEFF) -- not a lab measurement",No
Ag2O3,Ag,2.5,6,2.2383,10,"Computed (Materials Project, DFT + FEFF) -- not a lab measurement",No
Ag3O,Ag,,2,2.3042,10,"Computed (Materials Project, DFT + FEFF) -- not a lab measurement",No
Ag3O4,Ag,2.6666666666666665,5,2.0472,4,"Computed (Materials Project, DFT + FEFF) -- not a lab measurement",No
AgO,Ag,2.0,4,2.1301,10,"Computed (Materials Project, DFT + FEFF) -- not a lab measurement",No
AgO,Ag,1.0,5,2.4073,10,"Computed (Materials Project, DFT + FEFF) -- not a lab measurement",No
Al2O,Al,,4,2.4645,10,"Computed (Materials Project, DFT + FEFF) -- not a lab measurement",No
Al2O3,Al,3.0,6,1.9312,1,"Computed (Materials Project, DFT + FEFF) -- not a lab measurement",No
Al2O3,Al,3.0,6,1.9445,1,"Computed (Materials Project, DFT + FEFF) -- not a lab measurement",No
Al2O3,Al,3.0,6,1.8997,2,"Computed (Materials Project, DFT + FEFF) -- not a lab measurement",No
Al2O3,Al,3.0,5,1.8592,2,"Computed (Materials Project, DFT + FEFF) -- not a lab measurement",No
Al2O3,Al,3.0,5,1.8723,2,"Computed (Materials Project, DFT + FEFF) -- not a lab measurement",No
Al2O3,Al,3.0,5,1.8983,2,"Computed (Materials Project, DFT + FEFF) -- not a lab measurement",No
Al2O3,Al,3.0,4,1.8405,2,"Computed (Materials Project, DFT + FEFF) -- not a lab measurement",No
Al2O3,Al,3.0,6,1.9593,1,"Computed (Materials Project, DFT + FEFF) -- not a lab measurement",No
Al2O3,Al,3.0,6,1.9323,2,"Computed (Materials Project, DFT + FEFF) -- not a lab measurement",No
Al2O3,Al,3.0,5,1.8986,1,"Computed (Materials Project, DFT + FEFF) -- not a lab measurement",No
Al2O3,Al,3.0,5,1.8847,2,"Computed (Materials Project, DFT + FEFF) -- not a lab measurement",No
Al2O3,Al,3.0,4,1.792,4,"Computed (Materials Project, DFT + FEFF) -- not a lab measurement",No
Al2O3,Al,3.0,6,1.921,2,"Computed (Materials Project, DFT + FEFF) -- not a lab measurement",No
Al2O3,Al,3.0,5,1.8703,1,"Computed (Materials Project, DFT + FEFF) -- not a lab measurement",No
Al2O3,Al,3.0,4,1.7632,2,"Computed (Materials Project, DFT + FEFF) -- not a lab measurement",No
Al2O3,Al,3.0,4,1.8187,2,"Computed (Materials Project, DFT + FEFF) -- not a lab measurement",No
Al2O3,Al,3.0,6,1.9137,1,"Computed (Materials Project, DFT + FEFF) -- not a lab measurement",No
Al2O3,Al,3.0,5,1.857,2,"Computed (Materials Project, DFT + FEFF) -- not a lab measurement",No
Al2O3,Al,3.0,5,1.8558,2,"Computed (Materials Project, DFT + FEFF) -- not a lab measurement",No
Al2O3,Al,3.0,6,1.9129,2,"Computed (Materials Project, DFT + FEFF) -- not a lab measurement",No
Al2O3,Al,3.0,6,1.9017,2,"Computed (Materials Project, DFT + FEFF) -- not a lab measurement",No
Al2O3,Al,3.0,5,1.8921,2,"Computed (Materials Project, DFT + FEFF) -- not a lab measurement",No
Al2O3,Al,3.0,6,1.9135,1,"Computed (Materials Project, DFT + FEFF) -- not a lab measurement",No
Al2O3,Al,3.0,6,1.9171,2,"Computed (Materials Project, DFT + FEFF) -- not a lab measurement",No
Al2O3,Al,3.0,6,1.9745,2,"Computed (Materials Project, DFT + FEFF) -- not a lab measurement",No
Al2O3,Al,3.0,6,2.0015,2,"Computed (Materials Project, DFT + FEFF) -- not a lab measurement",No
AlO,Al,,6,2.2383,1,"Computed (Materials Project, DFT + FEFF) -- not a lab measurement",No
AlO3,Al,3.0,6,1.8573,1,"Computed (Materials Project, DFT + FEFF) -- not a lab measurement",No
Au2O3,Au,3.0,4,2.0227,8,"Computed (Materials Project, DFT + FEFF) -- not a lab measurement",No
Au3O,Au,,2,2.3965,8,"Computed (Materials Project, DFT + FEFF) -- not a lab measurement",No
BaO,Ba,2.0,6,2.7727,,"Computed (Materials Project, DFT + FEFF) -- not a lab measurement",No
BaO,Ba,2.0,6,2.7618,,"Computed (Materials Project, DFT + FEFF) -- not a lab measurement",No
BaO,Ba,2.0,6,2.7904,8,"Computed (Materials Project, DFT + FEFF) -- not a lab measurement",No
BaO2,Ba,2.0,10,2.7018,8,"Computed (Materials Project, DFT + FEFF) -- not a lab measurement",No
BeO,Be,2.0,4,1.6444,3,"Computed (Materials Project, DFT + FEFF) -- not a lab measurement",No
BeO,Be,2.0,6,1.8246,1,"Computed (Materials Project, DFT + FEFF) -- not a lab measurement",No
BeO,Be,2.0,4,1.647,9,"Computed (Materials Project, DFT + FEFF) -- not a lab measurement",No
Bi13O20,Bi,3.076923076923077,5,2.3247,8,"Computed (Materials Project, DFT + FEFF) -- not a lab measurement",No
Bi25O38,Bi,,5,2.2972,,"Computed (Materials Project, DFT + FEFF) -- not a lab measurement",No
Bi2O3,Bi,3.0,6,2.4201,4,"Computed (Materials Project, DFT + FEFF) -- not a lab measurement",No
Bi2O3,Bi,3.0,5,2.3187,8,"Computed (Materials Project, DFT + FEFF) -- not a lab measurement",No
Bi2O3,Bi,3.0,6,2.3699,8,"Computed (Materials Project, DFT + FEFF) -- not a lab measurement",No
Bi2O3,Bi,3.0,6,2.2668,8,"Computed (Materials Project, DFT + FEFF) -- not a lab measurement",No
Bi2O3,Bi,3.0,5,2.2982,8,"Computed (Materials Project, DFT + FEFF) -- not a lab measurement",No
Bi2O3,Bi,3.0,5,2.4441,,"Computed (Materials Project, DFT + FEFF) -- not a lab measurement",No
Bi2O3,Bi,3.0,5,2.493,,"Computed (Materials Project, DFT + FEFF) -- not a lab measurement",No
Bi2O3,Bi,3.0,6,2.4238,,"Computed (Materials Project, DFT + FEFF) -- not a lab measurement",No
Bi2O3,Bi,3.0,6,2.2707,,"Computed (Materials Project, DFT + FEFF) -- not a lab measurement",No
Bi2O3,Bi,3.0,5,2.4186,,"Computed (Materials Project, DFT + FEFF) -- not a lab measurement",No
Bi2O3,Bi,3.0,5,2.2733,,"Computed (Materials Project, DFT + FEFF) -- not a lab measurement",No
Bi2O3,Bi,3.0,5,2.2637,,"Computed (Materials Project, DFT + FEFF) -- not a lab measurement",No
Bi2O3,Bi,3.0,6,2.4951,,"Computed (Materials Project, DFT + FEFF) -- not a lab measurement",No
Bi2O5,Bi,5.0,7,2.2628,,"Computed (Materials Project, DFT + FEFF) -- not a lab measurement",No
Bi2O5,Bi,5.0,6,2.1712,,"Computed (Materials Project, DFT + FEFF) -- not a lab measurement",No
Bi2O5,Bi,5.0,6,2.1876,,"Computed (Materials Project, DFT + FEFF) -- not a lab measurement",No
Bi3O7,Bi,,6,2.2006,,"Computed (Materials Project, DFT + FEFF) -- not a lab measurement",No
Bi4O5,Bi,2.5,4,2.364,,"Computed (Materials Project, DFT + FEFF) -- not a lab measurement",No
Bi4O7,Bi,3.5,7,2.4105,8,"Computed (Materials Project, DFT + FEFF) -- not a lab measurement",No
BiO,Bi,2.0,4,2.4081,8,"Computed (Materials Project, DFT + FEFF) -- not a lab measurement",No
BiO2,Bi,3.0,4,2.207,10,"Computed (Materials Project, DFT + FEFF) -- not a lab measurement",No
BiO2,Bi,3.0,8,2.5407,8,"Computed (Materials Project, DFT + FEFF) -- not a lab measurement",No
BiO2,Bi,,8,2.3865,8,"Computed (Materials Project, DFT + FEFF) -- not a lab measurement",No
BiO2,Bi,,5,2.1738,,"Computed (Materials Project, DFT + FEFF) -- not a lab measurement",No
BiO2,Bi,,6,2.2926,,"Computed (Materials Project, DFT + FEFF) -- not a lab measurement",No
BiO2,Bi,,6,2.2645,,"Computed (Materials Project, DFT + FEFF) -- not a lab measurement",No
BiO2,Bi,,6,2.2767,,"Computed (Materials Project, DFT + FEFF) -- not a lab measurement",No
BiO2,Bi,,6,2.302,,"Computed (Materials Project, DFT + FEFF) -- not a lab measurement",No
BiO2,Bi,,6,2.2914,,"Computed (Materials Project, DFT + FEFF) -- not a lab measurement",No
CaO,Ca,2.0,6,2.4036,0,"Computed (Materials Project, DFT + FEFF) -- not a lab measurement",No
CaO,Ca,2.0,5,2.3397,4,"Computed (Materials Project, DFT + FEFF) -- not a lab measurement",No
CdO,Cd,2.0,6,2.361,10,"Computed (Materials Project, DFT + FEFF) -- not a lab measurement",No
CdO,Cd,2.0,4,2.2052,10,"Computed (Materials Project, DFT + FEFF) -- not a lab measurement",No
CdO2,Cd,2.0,6,2.3499,10,"Computed (Materials Project, DFT + FEFF) -- not a lab measurement",No
Ce11O20,Ce,3.6363636363636362,7,2.3737,8,"Computed (Materials Project, DFT + FEFF) -- not a lab measurement",No
Ce13O24,Ce,3.6923076923076925,7,2.3815,8,"Computed (Materials Project, DFT + FEFF) -- not a lab measurement",No
Ce16O27,Ce,3.375,7,2.3901,8,"Computed (Materials Project, DFT + FEFF) -- not a lab measurement",No
Ce17O32,Ce,3.764705882352941,8,2.3817,8,"Computed (Materials Project, DFT + FEFF) -- not a lab measurement",No
Ce2O3,Ce,3.0,7,2.4764,8,"Computed (Materials Project, DFT + FEFF) -- not a lab measurement",No
Ce2O3,Ce,3.0,3,2.0864,8,"Computed (Materials Project, DFT + FEFF) -- not a lab measurement",No
Ce2O3,Ce,3.0,6,2.4082,8,"Computed (Materials Project, DFT + FEFF) -- not a lab measurement",No
Ce2O3,Ce,3.0,7,2.4619,8,"Computed (Materials Project, DFT + FEFF) -- not a lab measurement",No
Ce5O9,Ce,3.6,7,2.375,8,"Computed (Materials Project, DFT + FEFF) -- not a lab measurement",No
Ce7O12,Ce,3.4285714285714284,7,2.3903,8,"Computed (Materials Project, DFT + FEFF) -- not a lab measurement",No
CeO,Ce,2.0,6,2.4831,8,"Computed (Materials Project, DFT + FEFF) -- not a lab measurement",No
CeO2,Ce,4.0,8,2.3675,8,"Computed (Materials Project, DFT + FEFF) -- not a lab measurement",Yes
Co15O28,Co,,,,0,"Computed (Materials Project, DFT + FEFF) -- not a lab measurement",No
Co21O40,Co,,,,0,"Computed (Materials Project, DFT + FEFF) -- not a lab measurement",No
Co23O32,Co,,5,1.9626,0,"Computed (Materials Project, DFT + FEFF) -- not a lab measurement",No
Co29O40,Co,,5,1.9908,0,"Computed (Materials Project, DFT + FEFF) -- not a lab measurement",No
Co2O3,Co,3.0,6,2.0673,,"Computed (Materials Project, DFT + FEFF) -- not a lab measurement",No
Co3O4,Co,2.6666666666666665,5,1.9151,0,"Computed (Materials Project, DFT + FEFF) -- not a lab measurement",No
Co5O7,Co,2.8,6,2.045,,"Computed (Materials Project, DFT + FEFF) -- not a lab measurement",No
Co5O8,Co,3.2,6,1.8876,10,"Computed (Materials Project, DFT + FEFF) -- not a lab measurement",No
Co7O12,Co,,,,0,"Computed (Materials Project, DFT + FEFF) -- not a lab measurement",No
CoO,Co,2.0,6,2.1237,0,"Computed (Materials Project, DFT + FEFF) -- not a lab measurement",No
CoO,Co,2.0,4,1.9592,10,"Computed (Materials Project, DFT + FEFF) -- not a lab measurement",No
CoO,Co,2.0,6,2.1529,0,"Computed (Materials Project, DFT + FEFF) -- not a lab measurement",No
CoO,Co,,,,10,"Computed (Materials Project, DFT + FEFF) -- not a lab measurement",No
CoO2,Co,,,,0,"Computed (Materials Project, DFT + FEFF) -- not a lab measurement",No
CoO2,Co,4.0,6,1.8582,0,"Computed (Materials Project, DFT + FEFF) -- not a lab measurement",No
CoO2,Co,,,,0,"Computed (Materials Project, DFT + FEFF) -- not a lab measurement",No
CoO2,Co,,,,10,"Computed (Materials Project, DFT + FEFF) -- not a lab measurement",No
CoO2,Co,4.0,6,1.7833,10,"Computed (Materials Project, DFT + FEFF) -- not a lab measurement",No
CoO2,Co,,,,0,"Computed (Materials Project, DFT + FEFF) -- not a lab measurement",No
CoO2,Co,,,,10,"Computed (Materials Project, DFT + FEFF) -- not a lab measurement",No
CoO2,Co,,,,10,"Computed (Materials Project, DFT + FEFF) -- not a lab measurement",No
CoO2,Co,,,,10,"Computed (Materials Project, DFT + FEFF) -- not a lab measurement",No
CoO2,Co,4.0,5,1.8465,,"Computed (Materials Project, DFT + FEFF) -- not a lab measurement",No
CoO2,Co,4.0,6,1.9247,,"Computed (Materials Project, DFT + FEFF) -- not a lab measurement",No
CoO2,Co,4.0,6,1.833,,"Computed (Materials Project, DFT + FEFF) -- not a lab measurement",No
CoO2,Co,4.0,6,1.8655,,"Computed (Materials Project, DFT + FEFF) -- not a lab measurement",No
CoO2,Co,4.0,4,1.7932,,"Computed (Materials Project, DFT + FEFF) -- not a lab measurement",No
CoO2,Co,,,,,"Computed (Materials Project, DFT + FEFF) -- not a lab measurement",No
CoO2,Co,,,,,"Computed (Materials Project, DFT + FEFF) -- not a lab measurement",No
CoO4,Co,,4,1.6123,,"Computed (Materials Project, DFT + FEFF) -- not a lab measurement",No
Cr19O48,Cr,,5,1.8222,7,"Computed (Materials Project, DFT + FEFF) -- not a lab measurement",No
Cr19O48,Cr,,5,1.8267,7,"Computed (Materials Project, DFT + FEFF) -- not a lab measurement",No
Cr2O3,Cr,,,,0,"Computed (Materials Project, DFT + FEFF) -- not a lab measurement",No
Cr2O3,Cr,3.0,6,2.0005,,"Computed (Materials Project, DFT + FEFF) -- not a lab measurement",No
Cr2O3,Cr,,,,0,"Computed (Materials Project, DFT + FEFF) -- not a lab measurement",No
Cr2O3,Cr,3.0,6,2.0935,0,"Computed (Materials Project, DFT + FEFF) -- not a lab measurement",No
Cr2O5,Cr,5.0,5,1.8307,7,"Computed (Materials Project, DFT + FEFF) -- not a lab measurement",No
Cr2O5,Cr,,,,7,"Computed (Materials Project, DFT + FEFF) -- not a lab measurement",No
Cr3O,Cr,,,,10,"Computed (Materials Project, DFT + FEFF) -- not a lab measurement",No
Cr3O4,Cr,,,,,"Computed (Materials Project, DFT + FEFF) -- not a lab measurement",No
Cr3O5,Cr,3.3333333333333335,5,1.9557,,"Computed (Materials Project, DFT + FEFF) -- not a lab measurement",No
Cr3O7,Cr,4.666666666666667,5,1.8607,7,"Computed (Materials Project, DFT + FEFF) -- not a lab measurement",No
Cr3O8,Cr,,,,7,"Computed (Materials Project, DFT + FEFF) -- not a lab measurement",No
Cr3O8,Cr,5.333333333333333,6,1.9015,0,"Computed (Materials Project, DFT + FEFF) -- not a lab measurement",No
Cr4O9,Cr,4.5,5,1.8844,,"Computed (Materials Project, DFT + FEFF) -- not a lab measurement",No
Cr5O12,Cr,4.8,5,1.8242,,"Computed (Materials Project, DFT + FEFF) -- not a lab measurement",No
Cr5O12,Cr,,,,7,"Computed (Materials Project, DFT + FEFF) -- not a lab measurement",No
Cr5O7,Cr,2.8,6,2.1211,0,"Computed (Materials Project, DFT + FEFF) -- not a lab measurement",No
Cr8O21,Cr,,,,7,"Computed (Materials Project, DFT + FEFF) -- not a lab measurement",No
Cr9O13,Cr,2.888888888888889,6,2.1103,0,"Computed (Materials Project, DFT + FEFF) -- not a lab measurement",No
CrO,Cr,,,,,"Computed (Materials Project, DFT + FEFF) -- not a lab measurement",No
CrO,Cr,,,,,"Computed (Materials Project, DFT + FEFF) -- not a lab measurement",No
CrO,Cr,,,,4,"Computed (Materials Project, DFT + FEFF) -- not a lab measurement",No
CrO,Cr,2.0,6,2.2255,0,"Computed (Materials Project, DFT + FEFF) -- not a lab measurement",No
CrO2,Cr,4.0,8,2.0638,0,"Computed (Materials Project, DFT + FEFF) -- not a lab measurement",No
CrO2,Cr,4.0,6,1.9519,0,"Computed (Materials Project, DFT + FEFF) -- not a lab measurement",No
CrO2,Cr,4.0,6,1.9267,10,"Computed (Materials Project, DFT + FEFF) -- not a lab measurement",No
CrO2,Cr,4.0,6,1.955,,"Computed (Materials Project, DFT + FEFF) -- not a lab measurement",No
CrO2,Cr,4.0,6,1.9489,10,"Computed (Materials Project, DFT + FEFF) -- not a lab measurement",No
CrO2,Cr,4.0,6,1.9597,,"Computed (Materials Project, DFT + FEFF) -- not a lab measurement",No
CrO2,Cr,4.0,6,1.9886,,"Computed (Materials Project, DFT + FEFF) -- not a lab measurement",No
CrO2,Cr,4.0,6,1.9057,,"Computed (Materials Project, DFT + FEFF) -- not a lab measurement",No
CrO2,Cr,4.0,6,1.9004,10,"Computed (Materials Project, DFT + FEFF) -- not a lab measurement",No
CrO3,Cr,6.0,4,1.6834,,"Computed (Materials Project, DFT + FEFF) -- not a lab measurement",No
CrO3,Cr,,,,7,"Computed (Materials Project, DFT + FEFF) -- not a lab measurement",No
CrO3,Cr,,,,7,"Computed (Materials Project, DFT + FEFF) -- not a lab measurement",No
CrO3,Cr,,,,7,"Computed (Materials Project, DFT + FEFF) -- not a lab measurement",No
CrO3,Cr,,,,7,"Computed (Materials Project, DFT + FEFF) -- not a lab measurement",No
CrO3,Cr,6.0,4,1.6611,7,"Computed (Materials Project, DFT + FEFF) -- not a lab measurement",No
Cs11O3,Cs,,2,2.9198,,"Computed (Materials Project, DFT + FEFF) -- not a lab measurement",No
Cs7O,Cs,,4,4.9271,,"Computed (Materials Project, DFT + FEFF) -- not a lab measurement",No
CsO2,Cs,,10,2.9571,8,"Computed (Materials Project, DFT + FEFF) -- not a lab measurement",No
CsO2,Cs,,6,3.0952,,"Computed (Materials Project, DFT + FEFF) -- not a lab measurement",No
Cu2O,Cu,1.0,2,1.8389,4,"Computed (Materials Project, DFT + FEFF) -- not a lab measurement",Yes
Cu2O3,Cu,2.0,4,1.9058,,"Computed (Materials Project, DFT + FEFF) -- not a lab measurement",No
Cu2O3,Cu,2.0,6,2.0703,,"Computed (Materials Project, DFT + FEFF) -- not a lab measurement",No
Cu2O3,Cu,2.0,4,1.8496,,"Computed (Materials Project, DFT + FEFF) -- not a lab measurement",No
Cu2O3,Cu,3.0,6,1.9843,,"Computed (Materials Project, DFT + FEFF) -- not a lab measurement",No
Cu2O3,Cu,2.0,6,2.0366,,"Computed (Materials Project, DFT + FEFF) -- not a lab measurement",No
Cu3O2,Cu,1.3333333333333333,3,1.9299,,"Computed (Materials Project, DFT + FEFF) -- not a lab measurement",No
Cu4O3,Cu,1.5,3,1.9052,4,"Computed (Materials Project, DFT + FEFF) -- not a lab measurement",No
Cu4O3,Cu,1.5,4,2.0399,,"Computed (Materials Project, DFT + FEFF) -- not a lab measurement",No
Cu5O7,Cu,2.0,6,2.0187,,"Computed (Materials Project, DFT + FEFF) -- not a lab measurement",No
Cu8O,Cu,,4,2.4384,4,"Computed (Materials Project, DFT + FEFF) -- not a lab measurement",No
Cu8O,Cu,,6,2.5574,,"Computed (Materials Project, DFT + FEFF) -- not a lab measurement",No
Cu8O7,Cu,1.75,4,1.9454,10,"Computed (Materials Project, DFT + FEFF) -- not a lab measurement",No
Cu8O7,Cu,1.75,4,1.9498,,"Computed (Materials Project, DFT + FEFF) -- not a lab measurement",No
Cu9O13,Cu,2.0,6,2.0421,,"Computed (Materials Project, DFT + FEFF) -- not a lab measurement",No
CuO,Cu,2.0,4,1.9355,0,"Computed (Materials Project, DFT + FEFF) -- not a lab measurement",No
CuO,Cu,2.0,6,2.1166,10,"Computed (Materials Project, DFT + FEFF) -- not a lab measurement",No
CuO,Cu,2.0,2,1.7392,7,"Computed (Materials Project, DFT + FEFF) -- not a lab measurement",No
CuO,Cu,2.0,4,1.9717,4,"Computed (Materials Project, DFT + FEFF) -- not a lab measurement",No
CuO,Cu,2.0,4,1.9652,10,"Computed (Materials Project, DFT + FEFF) -- not a lab measurement",No
CuO,Cu,2.0,4,1.9549,,"Computed (Materials Project, DFT + FEFF) -- not a lab measurement",No
CuO,Cu,2.0,4,1.9524,,"Computed (Materials Project, DFT + FEFF) -- not a lab measurement",No
CuO,Cu,2.0,4,1.9706,,"Computed (Materials Project, DFT + FEFF) -- not a lab measurement",No
CuO,Cu,2.0,5,2.0219,,"Computed (Materials Project, DFT + FEFF) -- not a lab measurement",No
CuO2,Cu,2.0,6,1.9395,0,"Computed (Materials Project, DFT + FEFF) -- not a lab measurement",No
CuO2,Cu,2.0,6,1.9411,0,"Computed (Materials Project, DFT + FEFF) -- not a lab measurement",No
CuO2,Cu,2.0,4,1.803,,"Computed (Materials Project, DFT + FEFF) -- not a lab measurement",No
CuO2,Cu,2.0,4,1.8074,,"Computed (Materials Project, DFT + FEFF) -- not a lab measurement",No
CuO2,Cu,,,,,"Computed (Materials Project, DFT + FEFF) -- not a lab measurement",No
CuO2,Cu,,2,,,"Computed (Materials Project, DFT + FEFF) -- not a lab measurement",No
Dy2O3,Dy,3.0,6,2.2815,8,"Computed (Materials Project, DFT + FEFF) -- not a lab measurement",No
Dy2O3,Dy,3.0,7,2.3678,8,"Computed (Materials Project, DFT + FEFF) -- not a lab measurement",No
Dy2O3,Dy,3.0,7,2.3437,8,"Computed (Materials Project, DFT + FEFF) -- not a lab measurement",No
Dy2O3,Dy,3.0,6,1.9475,8,"Computed (Materials Project, DFT + FEFF) -- not a lab measurement",No
DyO3,Dy,3.0,12,2.4814,8,"Computed (Materials Project, DFT + FEFF) -- not a lab measurement",No
Er2O3,Er,3.0,6,2.2518,8,"Computed (Materials Project, DFT + FEFF) -- not a lab measurement",No
Er2O3,Er,3.0,7,2.3135,8,"Computed (Materials Project, DFT + FEFF) -- not a lab measurement",No
Er2O3,Er,3.0,7,2.3389,8,"Computed (Materials Project, DFT + FEFF) -- not a lab measurement",No
Eu2O3,Eu,3.0,7,2.4108,8,"Computed (Materials Project, DFT + FEFF) -- not a lab measurement",No
EuO,Eu,2.0,6,2.5416,8,"Computed (Materials Project, DFT + FEFF) -- not a lab measurement",No
Fe10O11,Fe,2.2,6,2.1698,,"Computed (Materials Project, DFT + FEFF) -- not a lab measurement",No
Fe10O11,Fe,,,,,"Computed (Materials Project, DFT + FEFF) -- not a lab measurement",No
Fe11O12,Fe,2.1818181818181817,6,2.1733,,"Computed (Materials Project, DFT + FEFF) -- not a lab measurement",No
Fe12O13,Fe,2.1666666666666665,6,2.1674,,"Computed (Materials Project, DFT + FEFF) -- not a lab measurement",No
Fe13O14,Fe,2.1538461538461537,6,2.1733,,"Computed (Materials Project, DFT + FEFF) -- not a lab measurement",No
Fe13O15,Fe,,,,0,"Computed (Materials Project, DFT + FEFF) -- not a lab measurement",No
Fe14O15,Fe,2.142857142857143,6,2.1614,0,"Computed (Materials Project, DFT + FEFF) -- not a lab measurement",No
Fe15O16,Fe,2.1333333333333333,6,2.1922,,"Computed (Materials Project, DFT + FEFF) -- not a lab measurement",No
Fe17O18,Fe,2.1176470588235294,6,2.1865,,"Computed (Materials Project, DFT + FEFF) -- not a lab measurement",No
Fe21O23,Fe,2.1904761904761907,6,2.1692,,"Computed (Materials Project, DFT + FEFF) -- not a lab measurement",No
Fe21O32,Fe,,,,,"Computed (Materials Project, DFT + FEFF) -- not a lab measurement",No
Fe23O25,Fe,2.1739130434782608,6,2.1725,,"Computed (Materials Project, DFT + FEFF) -- not a lab measurement",No
Fe23O32,Fe,2.782608695652174,5,2.0163,0,"Computed (Materials Project, DFT + FEFF) -- not a lab measurement",No
Fe2O3,Fe,,,,10,"Computed (Materials Project, DFT + FEFF) -- not a lab measurement",Yes
Fe2O3,Fe,,,,0,"Computed (Materials Project, DFT + FEFF) -- not a lab measurement",No
Fe2O3,Fe,,,,10,"Computed (Materials Project, DFT + FEFF) -- not a lab measurement",No
Fe2O3,Fe,,,,10,"Computed (Materials Project, DFT + FEFF) -- not a lab measurement",No
Fe2O3,Fe,,,,,"Computed (Materials Project, DFT + FEFF) -- not a lab measurement",No
Fe2O3,Fe,3.0,5,2.0144,,"Computed (Materials Project, DFT + FEFF) -- not a lab measurement",No
Fe2O3,Fe,,,,,"Computed (Materials Project, DFT + FEFF) -- not a lab measurement",No
Fe2O3,Fe,3.0,6,2.0643,,"Computed (Materials Project, DFT + FEFF) -- not a lab measurement",No
Fe2O3,Fe,3.0,6,2.0197,,"Computed (Materials Project, DFT + FEFF) -- not a lab measurement",No
Fe2O3,Fe,3.0,5,2.0069,,"Computed (Materials Project, DFT + FEFF) -- not a lab measurement",No
Fe2O3,Fe,,,,10,"Computed (Materials Project, DFT + FEFF) -- not a lab measurement",No
Fe2O3,Fe,3.0,9,2.4173,,"Computed (Materials Project, DFT + FEFF) -- not a lab measurement",No
Fe2O3,Fe,3.0,7,2.1618,,"Computed (Materials Project, DFT + FEFF) -- not a lab measurement",No
Fe2O3,Fe,3.0,6,2.0703,,"Computed (Materials Project, DFT + FEFF) -- not a lab measurement",No
Fe2O3,Fe,,,,,"Computed (Materials Project, DFT + FEFF) -- not a lab measurement",No
Fe32O35,Fe,2.1875,6,2.1659,0,"Computed (Materials Project, DFT + FEFF) -- not a lab measurement",No
Fe35O36,Fe,2.057142857142857,6,2.1849,,"Computed (Materials Project, DFT + FEFF) -- not a lab measurement",No
Fe38O39,Fe,2.0526315789473686,6,2.1883,,"Computed (Materials Project, DFT + FEFF) -- not a lab measurement",No
Fe3O4,Fe,2.6666666666666665,6,2.1189,10,"Computed (Materials Project, DFT + FEFF) -- not a lab measurement",No
Fe3O4,Fe,2.6666666666666665,5,2.0243,0,"Computed (Materials Project, DFT + FEFF) -- not a lab measurement",No
Fe3O4,Fe,2.6666666666666665,5,2.0563,0,"Computed (Materials Project, DFT + FEFF) -- not a lab measurement",No
Fe3O4,Fe,,,,0,"Computed (Materials Project, DFT + FEFF) -- not a lab measurement",No
Fe3O4,Fe,,,,0,"Computed (Materials Project, DFT + FEFF) -- not a lab measurement",No
Fe3O4,Fe,2.6666666666666665,6,2.0645,0,"Computed (Materials Project, DFT + FEFF) -- not a lab measurement",No
Fe3O4,Fe,2.6666666666666665,5,2.0625,0,"Computed (Materials Project, DFT + FEFF) -- not a lab measurement",No
Fe3O4,Fe,2.6666666666666665,6,2.1043,,"Computed (Materials Project, DFT + FEFF) -- not a lab measurement",No
Fe3O4,Fe,,,,,"Computed (Materials Project, DFT + FEFF) -- not a lab measurement",No
Fe3O4,Fe,2.6666666666666665,7,2.1533,,"Computed (Materials Project, DFT + FEFF) -- not a lab measurement",No
Fe3O4,Fe,2.6666666666666665,6,2.1353,,"Computed (Materials Project, DFT + FEFF) -- not a lab measurement",No
Fe3O4,Fe,2.6666666666666665,5,2.0543,,"Computed (Materials Project, DFT + FEFF) -- not a lab measurement",No
Fe3O4,Fe,2.6666666666666665,6,2.0741,,"Computed (Materials Project, DFT + FEFF) -- not a lab measurement",No
Fe3O4,Fe,2.6666666666666665,5,2.0541,,"Computed (Materials Project, DFT + FEFF) -- not a lab measurement",No
Fe3O4,Fe,2.6666666666666665,5,2.0541,,"Computed (Materials Project, DFT + FEFF) -- not a lab measurement",No
Fe3O4,Fe,2.6666666666666665,3,1.9767,,"Computed (Materials Project, DFT + FEFF) -- not a lab measurement",No
Fe41O56,Fe,,,,,"Computed (Materials Project, DFT + FEFF) -- not a lab measurement",No
Fe43O64,Fe,,,,,"Computed (Materials Project, DFT + FEFF) -- not a lab measurement",No
Fe5O7,Fe,2.8,6,2.1233,,"Computed (Materials Project, DFT + FEFF) -- not a lab measurement",No
Fe5O8,Fe,,,,10,"Computed (Materials Project, DFT + FEFF) -- not a lab measurement",No
Fe7O8,Fe,2.2857142857142856,6,2.1536,0,"Computed (Materials Project, DFT + FEFF) -- not a lab measurement",No
Fe7O8,Fe,2.2857142857142856,6,2.1652,,"Computed (Materials Project, DFT + FEFF) -- not a lab measurement",No
Fe7O9,Fe,2.5714285714285716,4,2.0181,,"Computed (Materials Project, DFT + FEFF) -- not a lab measurement",No
Fe8O9,Fe,2.25,6,2.1591,,"Computed (Materials Project, DFT + FEFF) -- not a lab measurement",No
Fe8O9,Fe,2.25,6,2.1608,,"Computed (Materials Project, DFT + FEFF) -- not a lab measurement",No
Fe9O10,Fe,,,,,"Computed (Materials Project, DFT + FEFF) -- not a lab measurement",No
FeO,Fe,2.0,6,2.1312,0,"Computed (Materials Project, DFT + FEFF) -- not a lab measurement",No
FeO,Fe,2.0,6,2.0834,0,"Computed (Materials Project, DFT + FEFF) -- not a lab measurement",No
FeO,Fe,2.0,6,2.1684,,"Computed (Materials Project, DFT + FEFF) -- not a lab measurement",No
FeO,Fe,,,,,"Computed (Materials Project, DFT + FEFF) -- not a lab measurement",No
FeO,Fe,,,,,"Computed (Materials Project, DFT + FEFF) -- not a lab measurement",No
FeO,Fe,2.0,6,2.2125,,"Computed (Materials Project, DFT + FEFF) -- not a lab measurement",No
FeO,Fe,2.0,6,2.1875,,"Computed (Materials Project, DFT + FEFF) -- not a lab measurement",No
FeO,Fe,2.0,6,2.2079,,"Computed (Materials Project, DFT + FEFF) -- not a lab measurement",No
FeO,Fe,2.0,2,1.8121,,"Computed (Materials Project, DFT + FEFF) -- not a lab measurement",No
FeO2,Fe,,,,8,"Computed (Materials Project, DFT + FEFF) -- not a lab measurement",No
FeO2,Fe,,,,0,"Computed (Materials Project, DFT + FEFF) -- not a lab measurement",No
FeO2,Fe,,,,,"Computed (Materials Project, DFT + FEFF) -- not a lab measurement",No
FeO2,Fe,4.0,6,1.9785,,"Computed (Materials Project, DFT + FEFF) -- not a lab measurement",No
FeO2,Fe,4.0,6,1.9649,,"Computed (Materials Project, DFT + FEFF) -- not a lab measurement",No
FeO2,Fe,4.0,6,1.9709,10,"Computed (Materials Project, DFT + FEFF) -- not a lab measurement",No
FeO2,Fe,4.0,6,1.9164,,"Computed (Materials Project, DFT + FEFF) -- not a lab measurement",No
FeO2,Fe,3.0,6,2.0198,,"Computed (Materials Project, DFT + FEFF) -- not a lab measurement",No
FeO2,Fe,,,,,"Computed (Materials Project, DFT + FEFF) -- not a lab measurement",No
FeO3,Fe,,,,,"Computed (Materials Project, DFT + FEFF) -- not a lab measurement",No
Ga2O3,Ga,3.0,5,1.9407,1,"Computed (Materials Project, DFT + FEFF) -- not a lab measurement",No
Ga2O3,Ga,3.0,6,2.0032,0,"Computed (Materials Project, DFT + FEFF) -- not a lab measurement",No
Ga2O3,Ga,3.0,6,2.0582,2,"Computed (Materials Project, DFT + FEFF) -- not a lab measurement",No
Gd2O3,Gd,3.0,7,2.4109,8,"Computed (Materials Project, DFT + FEFF) -- not a lab measurement",No
Gd2O3,Gd,3.0,6,2.3262,8,"Computed (Materials Project, DFT + FEFF) -- not a lab measurement",No
Gd2O3,Gd,3.0,7,2.3888,8,"Computed (Materials Project, DFT + FEFF) -- not a lab measurement",No
Gd2O3,Gd,3.0,6,2.32,8,"Computed (Materials Project, DFT + FEFF) -- not a lab measurement",No
GdO2,Gd,,9,2.4345,8,"Computed (Materials Project, DFT + FEFF) -- not a lab measurement",No
HfO2,Hf,4.0,7,2.1355,8,"Computed (Materials Project, DFT + FEFF) -- not a lab measurement",No
HfO2,Hf,4.0,7,2.1359,8,"Computed (Materials Project, DFT + FEFF) -- not a lab measurement",No
HfO2,Hf,4.0,6,2.0812,8,"Computed (Materials Project, DFT + FEFF) -- not a lab measurement",No
HfO2,Hf,4.0,6,2.0794,8,"Computed (Materials Project, DFT + FEFF) -- not a lab measurement",No
HfO2,Hf,4.0,7,2.1339,8,"Computed (Materials Project, DFT + FEFF) -- not a lab measurement",No
HgO,Hg,2.0,6,2.3191,8,"Computed (Materials Project, DFT + FEFF) -- not a lab measurement",No
HgO,Hg,2.0,6,2.0584,,"Computed (Materials Project, DFT + FEFF) -- not a lab measurement",No
HgO,Hg,2.0,3,2.3698,8,"Computed (Materials Project, DFT + FEFF) -- not a lab measurement",No
HgO,Hg,2.0,6,2.4669,8,"Computed (Materials Project, DFT + FEFF) -- not a lab measurement",No
HgO2,Hg,2.0,6,2.1243,8,"Computed (Materials Project, DFT + FEFF) -- not a lab measurement",No
HgO2,Hg,2.0,6,2.5496,8,"Computed (Materials Project, DFT + FEFF) -- not a lab measurement",No
Ho2O3,Ho,3.0,6,2.2666,8,"Computed (Materials Project, DFT + FEFF) -- not a lab measurement",No
Ho2O3,Ho,3.0,7,2.3538,8,"Computed (Materials Project, DFT + FEFF) -- not a lab measurement",No
Ho2O3,Ho,3.0,7,2.329,8,"Computed (Materials Project, DFT + FEFF) -- not a lab measurement",No
HoO,Ho,2.0,5,2.3396,8,"Computed (Materials Project, DFT + FEFF) -- not a lab measurement",No
In2O3,In,3.0,6,2.1978,10,"Computed (Materials Project, DFT + FEFF) -- not a lab measurement",No
In2O3,In,3.0,6,2.192,2,"Computed (Materials Project, DFT + FEFF) -- not a lab measurement",No
In2O3,In,3.0,8,2.3499,10,"Computed (Materials Project, DFT + FEFF) -- not a lab measurement",No
IrO2,Ir,4.0,6,1.9904,8,"Computed (Materials Project, DFT + FEFF) -- not a lab measurement",No
K2O,K,1.0,4,2.7564,4,"Computed (Materials Project, DFT + FEFF) -- not a lab measurement",No
K2O,K,1.0,4,2.7122,4,"Computed (Materials Project, DFT + FEFF) -- not a lab measurement",No
K2O,K,1.0,4,2.6696,4,"Computed (Materials Project, DFT + FEFF) -- not a lab measurement",No
K2O,K,1.0,4,2.7882,4,"Computed (Materials Project, DFT + FEFF) -- not a lab measurement",No
K2O,K,1.0,4,2.7089,10,"Computed (Materials Project, DFT + FEFF) -- not a lab measurement",No
K2O,K,1.0,3,2.6567,4,"Computed (Materials Project, DFT + FEFF) -- not a lab measurement",No
K2O,K,1.0,4,2.8034,10,"Computed (Materials Project, DFT + FEFF) -- not a lab measurement",No
K2O2,K,1.0,6,2.6787,0,"Computed (Materials Project, DFT + FEFF) -- not a lab measurement",No
K2O2,K,1.0,6,2.7153,4,"Computed (Materials Project, DFT + FEFF) -- not a lab measurement",No
KO2,K,,10,2.6401,10,"Computed (Materials Project, DFT + FEFF) -- not a lab measurement",No
KO2,K,,8,2.6755,4,"Computed (Materials Project, DFT + FEFF) -- not a lab measurement",No
KO2,K,,6,2.7668,4,"Computed (Materials Project, DFT + FEFF) -- not a lab measurement",No
KO3,K,,8,2.9141,4,"Computed (Materials Project, DFT + FEFF) -- not a lab measurement",No
KO3,K,,7,2.8449,10,"Computed (Materials Project, DFT + FEFF) -- not a lab measurement",No
La2O3,La,3.0,7,2.5288,8,"Computed (Materials Project, DFT + FEFF) -- not a lab measurement",No
La2O3,La,3.0,6,2.4437,8,"Computed (Materials Project, DFT + FEFF) -- not a lab measurement",No
La2O3,La,3.0,6,2.2862,4,"Computed (Materials Project, DFT + FEFF) -- not a lab measurement",No
La2O3,La,3.0,6,2.4489,8,"Computed (Materials Project, DFT + FEFF) -- not a lab measurement",No
La2O3,La,3.0,7,2.523,8,"Computed (Materials Project, DFT + FEFF) -- not a lab measurement",No
Li2O,Li,1.0,4,2.0151,3,"Computed (Materials Project, DFT + FEFF) -- not a lab measurement",No
Li2O,Li,1.0,4,1.9797,,"Computed (Materials Project, DFT + FEFF) -- not a lab measurement",No
Li2O2,Li,1.0,6,2.032,11,"Computed (Materials Project, DFT + FEFF) -- not a lab measurement",No
Li2O2,Li,1.0,4,1.9826,3,"Computed (Materials Project, DFT + FEFF) -- not a lab measurement",No
Li2O2,Li,1.0,8,2.1691,,"Computed (Materials Project, DFT + FEFF) -- not a lab measurement",No
LiO2,Li,,6,2.1161,6,"Computed (Materials Project, DFT + FEFF) -- not a lab measurement",No
LiO2,Li,,8,2.1325,,"Computed (Materials Project, DFT + FEFF) -- not a lab measurement",No
LiO2,Li,,8,2.168,,"Computed (Materials Project, DFT + FEFF) -- not a lab measurement",No
LiO2,Li,,8,2.0063,,"Computed (Materials Project, DFT + FEFF) -- not a lab measurement",No
LiO3,Li,,6,2.2273,6,"Computed (Materials Project, DFT + FEFF) -- not a lab measurement",No
Lu2O3,Lu,3.0,6,2.2105,8,"Computed (Materials Project, DFT + FEFF) -- not a lab measurement",No
Lu2O3,Lu,3.0,7,2.2985,8,"Computed (Materials Project, DFT + FEFF) -- not a lab measurement",No
Lu2O3,Lu,3.0,7,2.2723,8,"Computed (Materials Project, DFT + FEFF) -- not a lab measurement",No
LuO3,Lu,3.0,12,2.4378,8,"Computed (Materials Project, DFT + FEFF) -- not a lab measurement",No
MgO,Mg,2.0,4,1.9751,0,"Computed (Materials Project, DFT + FEFF) -- not a lab measurement",No
MgO,Mg,2.0,4,1.9766,0,"Computed (Materials Project, DFT + FEFF) -- not a lab measurement",No
MgO,Mg,2.0,8,2.3048,1,"Computed (Materials Project, DFT + FEFF) -- not a lab measurement",No
MgO,Mg,2.0,6,2.1616,1,"Computed (Materials Project, DFT + FEFF) -- not a lab measurement",No
MgO,Mg,2.0,6,2.097,1,"Computed (Materials Project, DFT + FEFF) -- not a lab measurement",No
MgO2,Mg,2.0,6,2.0744,1,"Computed (Materials Project, DFT + FEFF) -- not a lab measurement",No
Mn15O32,Mn,,,,0,"Computed (Materials Project, DFT + FEFF) -- not a lab measurement",No
Mn15O32,Mn,,,,0,"Computed (Materials Project, DFT + FEFF) -- not a lab measurement",No
Mn21O40,Mn,,,,0,"Computed (Materials Project, DFT + FEFF) -- not a lab measurement",No
Mn21O40,Mn,,6,1.9649,0,"Computed (Materials Project, DFT + FEFF) -- not a lab measurement",No
Mn2O3,Mn,,,,10,"Computed (Materials Project, DFT + FEFF) -- not a lab measurement",No
Mn2O3,Mn,3.0,6,2.0727,10,"Computed (Materials Project, DFT + FEFF) -- not a lab measurement",No
Mn2O3,Mn,3.0,6,2.0661,,"Computed (Materials Project, DFT + FEFF) -- not a lab measurement",No
Mn2O3,Mn,3.0,6,2.0434,,"Computed (Materials Project, DFT + FEFF) -- not a lab measurement",No
Mn2O3,Mn,,,,10,"Computed (Materials Project, DFT + FEFF) -- not a lab measurement",No
Mn2O3,Mn,3.0,6,2.1075,0,"Computed (Materials Project, DFT + FEFF) -- not a lab measurement",No
Mn2O3,Mn,3.0,6,2.0745,,"Computed (Materials Project, DFT + FEFF) -- not a lab measurement",No
Mn2O3,Mn,3.0,4,1.9122,,"Computed (Materials Project, DFT + FEFF) -- not a lab measurement",No
Mn2O3,Mn,3.0,6,2.1072,,"Computed (Materials Project, DFT + FEFF) -- not a lab measurement",No
Mn2O3,Mn,3.0,6,2.1229,,"Computed (Materials Project, DFT + FEFF) -- not a lab measurement",No
Mn2O5,Mn,5.0,5,1.8418,,"Computed (Materials Project, DFT + FEFF) -- not a lab measurement",No
Mn2O7,Mn,,,,7,"Computed (Materials Project, DFT + FEFF) -- not a lab measurement",No
Mn3O4,Mn,2.6666666666666665,5,2.0416,10,"Computed (Materials Project, DFT + FEFF) -- not a lab measurement",No
Mn3O4,Mn,,,,0,"Computed (Materials Project, DFT + FEFF) -- not a lab measurement",No
Mn3O4,Mn,2.6666666666666665,5,2.1067,0,"Computed (Materials Project, DFT + FEFF) -- not a lab measurement",No
Mn3O4,Mn,2.6666666666666665,5,2.0088,,"Computed (Materials Project, DFT + FEFF) -- not a lab measurement",No
Mn5O7,Mn,2.8,6,2.1103,0,"Computed (Materials Project, DFT + FEFF) -- not a lab measurement",No
Mn5O8,Mn,3.2,6,2.0133,0,"Computed (Materials Project, DFT + FEFF) -- not a lab measurement",No
Mn5O8,Mn,,,,,"Computed (Materials Project, DFT + FEFF) -- not a lab measurement",No
Mn7O12,Mn,,,,,"Computed (Materials Project, DFT + FEFF) -- not a lab measurement",No
Mn9O13,Mn,2.888888888888889,6,2.1091,0,"Computed (Materials Project, DFT + FEFF) -- not a lab measurement",No
MnO,Mn,2.0,6,2.2236,0,"Computed (Materials Project, DFT + FEFF) -- not a lab measurement",No
MnO,Mn,2.0,4,2.0661,,"Computed (Materials Project, DFT + FEFF) -- not a lab measurement",No
MnO2,Mn,4.0,6,1.8934,,"Computed (Materials Project, DFT + FEFF) -- not a lab measurement",No
MnO2,Mn,4.0,6,1.8919,,"Computed (Materials Project, DFT + FEFF) -- not a lab measurement",No
MnO2,Mn,,,,0,"Computed (Materials Project, DFT + FEFF) -- not a lab measurement",No
MnO2,Mn,,,,0,"Computed (Materials Project, DFT + FEFF) -- not a lab measurement",No
MnO2,Mn,,,,0,"Computed (Materials Project, DFT + FEFF) -- not a lab measurement",No
MnO2,Mn,4.0,6,1.8862,10,"Computed (Materials Project, DFT + FEFF) -- not a lab measurement",No
MnO2,Mn,4.0,6,1.8848,,"Computed (Materials Project, DFT + FEFF) -- not a lab measurement",No
MnO2,Mn,,,,,"Computed (Materials Project, DFT + FEFF) -- not a lab measurement",No
MnO2,Mn,4.0,6,1.8868,8,"Computed (Materials Project, DFT + FEFF) -- not a lab measurement",No
MnO2,Mn,4.0,6,1.9446,,"Computed (Materials Project, DFT + FEFF) -- not a lab measurement",No
MnO2,Mn,,,,,"Computed (Materials Project, DFT + FEFF) -- not a lab measurement",No
MnO2,Mn,,,,,"Computed (Materials Project, DFT + FEFF) -- not a lab measurement",No
MnO2,Mn,4.0,6,1.9421,7,"Computed (Materials Project, DFT + FEFF) -- not a lab measurement",No
MnO2,Mn,,,,,"Computed (Materials Project, DFT + FEFF) -- not a lab measurement",No
MnO2,Mn,,,,,"Computed (Materials Project, DFT + FEFF) -- not a lab measurement",No
MnO2,Mn,4.0,6,1.9945,,"Computed (Materials Project, DFT + FEFF) -- not a lab measurement",No
MnO2,Mn,4.0,2,1.6804,,"Computed (Materials Project, DFT + FEFF) -- not a lab measurement",No
MnO3,Mn,4.0,6,2.0273,4,"Computed (Materials Project, DFT + FEFF) -- not a lab measurement",No
Mo17O47,Mo,,,,4,"Computed (Materials Project, DFT + FEFF) -- not a lab measurement",No
Mo2O5,Mo,5.0,5,1.9695,,"Computed (Materials Project, DFT + FEFF) -- not a lab measurement",No
Mo3O7,Mo,4.666666666666667,5,2.0026,,"Computed (Materials Project, DFT + FEFF) -- not a lab measurement",No
Mo3O8,Mo,,,,4,"Computed (Materials Project, DFT + FEFF) -- not a lab measurement",No
Mo4O11,Mo,,,,,"Computed (Materials Project, DFT + FEFF) -- not a lab measurement",No
Mo4O11,Mo,,,,4,"Computed (Materials Project, DFT + FEFF) -- not a lab measurement",No
Mo4O5,Mo,,,,,"Computed (Materials Project, DFT + FEFF) -- not a lab measurement",No
Mo5O14,Mo,,,,8,"Computed (Materials Project, DFT + FEFF) -- not a lab measurement",No
Mo8O23,Mo,,,,,"Computed (Materials Project, DFT + FEFF) -- not a lab measurement",No
Mo8O23,Mo,,,,4,"Computed (Materials Project, DFT + FEFF) -- not a lab measurement",No
Mo9O25,Mo,,,,4,"Computed (Materials Project, DFT + FEFF) -- not a lab measurement",No
Mo9O26,Mo,5.777777777777778,6,2.0011,,"Computed (Materials Project, DFT + FEFF) -- not a lab measurement",No
Mo9O26,Mo,,,,4,"Computed (Materials Project, DFT + FEFF) -- not a lab measurement",No
MoO2,Mo,4.0,6,2.0633,,"Computed (Materials Project, DFT + FEFF) -- not a lab measurement",No
MoO2,Mo,4.0,6,2.0846,,"Computed (Materials Project, DFT + FEFF) -- not a lab measurement",No
MoO2,Mo,4.0,6,2.0981,,"Computed (Materials Project, DFT + FEFF) -- not a lab measurement",No
MoO2,Mo,4.0,6,2.0293,10,"Computed (Materials Project, DFT + FEFF) -- not a lab measurement",No
MoO2,Mo,,,,10,"Computed (Materials Project, DFT + FEFF) -- not a lab measurement",No
MoO2,Mo,,,,10,"Computed (Materials Project, DFT + FEFF) -- not a lab measurement",No
MoO3,Mo,,,,4,"Computed (Materials Project, DFT + FEFF) -- not a lab measurement",No
MoO3,Mo,6.0,6,1.9497,4,"Computed (Materials Project, DFT + FEFF) -- not a lab measurement",No
Na2O,Na,1.0,4,2.3751,4,"Computed (Materials Project, DFT + FEFF) -- not a lab measurement",No
Na2O,Na,1.0,3,2.2845,4,"Computed (Materials Project, DFT + FEFF) -- not a lab measurement",No
Na2O,Na,1.0,4,2.3774,4,"Computed (Materials Project, DFT + FEFF) -- not a lab measurement",No
Na2O,Na,1.0,4,2.4457,10,"Computed (Materials Project, DFT + FEFF) -- not a lab measurement",No
Na2O2,Na,1.0,6,2.3575,10,"Computed (Materials Project, DFT + FEFF) -- not a lab measurement",No
NaO2,Na,,6,2.4342,0,"Computed (Materials Project, DFT + FEFF) -- not a lab measurement",No
NaO2,Na,,6,2.376,10,"Computed (Materials Project, DFT + FEFF) -- not a lab measurement",No
NaO3,Na,,7,2.5033,0,"Computed (Materials Project, DFT + FEFF) -- not a lab measurement",No
Nb12O29,Nb,4.833333333333333,6,2.055,4,"Computed (Materials Project, DFT + FEFF) -- not a lab measurement",No
Nb12O29,Nb,4.833333333333333,6,2.0566,4,"Computed (Materials Project, DFT + FEFF) -- not a lab measurement",No
Nb2O5,Nb,5.0,6,2.0302,10,"Computed (Materials Project, DFT + FEFF) -- not a lab measurement",No
Nb2O5,Nb,5.0,6,1.9589,4,"Computed (Materials Project, DFT + FEFF) -- not a lab measurement",No
Nb2O5,Nb,5.0,7,2.0339,4,"Computed (Materials Project, DFT + FEFF) -- not a lab measurement",No
Nb2O5,Nb,5.0,6,2.0435,4,"Computed (Materials Project, DFT + FEFF) -- not a lab measurement",No
Nb2O5,Nb,5.0,6,2.0304,10,"Computed (Materials Project, DFT + FEFF) -- not a lab measurement",No
Nb2O5,Nb,5.0,6,2.0429,4,"Computed (Materials Project, DFT + FEFF) -- not a lab measurement",No
Nb2O5,Nb,5.0,6,2.0301,4,"Computed (Materials Project, DFT + FEFF) -- not a lab measurement",No
Nb2O5,Nb,5.0,5,1.9479,4,"Computed (Materials Project, DFT + FEFF) -- not a lab measurement",No
Nb4O5,Nb,2.5,5,2.1502,10,"Computed (Materials Project, DFT + FEFF) -- not a lab measurement",No
NbO,Nb,2.0,4,2.1249,10,"Computed (Materials Project, DFT + FEFF) -- not a lab measurement",No
NbO,Nb,2.0,6,2.2555,10,"Computed (Materials Project, DFT + FEFF) -- not a lab measurement",No
NbO,Nb,2.0,2,1.9434,7,"Computed (Materials Project, DFT + FEFF) -- not a lab measurement",No
NbO2,Nb,4.0,6,2.0803,10,"Computed (Materials Project, DFT + FEFF) -- not a lab measurement",No
NbO2,Nb,4.0,6,2.0692,10,"Computed (Materials Project, DFT + FEFF) -- not a lab measurement",No
NbO2,Nb,4.0,6,2.1009,10,"Computed (Materials Project, DFT + FEFF) -- not a lab measurement",No
NbO2,Nb,4.0,6,2.0791,10,"Computed (Materials Project, DFT + FEFF) -- not a lab measurement",No
NbO2,Nb,4.0,4,2.0192,7,"Computed (Materials Project, DFT + FEFF) -- not a lab measurement",No
NbO2,Nb,4.0,6,2.0737,8,"Computed (Materials Project, DFT + FEFF) -- not a lab measurement",No
NbO2,Nb,4.0,7,2.1289,10,"Computed (Materials Project, DFT + FEFF) -- not a lab measurement",No
Nd2O3,Nd,3.0,6,2.3952,8,"Computed (Materials Project, DFT + FEFF) -- not a lab measurement",No
Nd2O3,Nd,3.0,7,2.4796,8,"Computed (Materials Project, DFT + FEFF) -- not a lab measurement",No
Nd2O3,Nd,3.0,6,2.2506,4,"Computed (Materials Project, DFT + FEFF) -- not a lab measurement",No
Nd2O3,Nd,3.0,7,2.4593,8,"Computed (Materials Project, DFT + FEFF) -- not a lab measurement",No
Nd2O5,Nd,3.0,8,2.4637,8,"Computed (Materials Project, DFT + FEFF) -- not a lab measurement",No
NdO2,Nd,3.0,8,2.4598,8,"Computed (Materials Project, DFT + FEFF) -- not a lab measurement",No
NdO3,Nd,,10,2.5782,8,"Computed (Materials Project, DFT + FEFF) -- not a lab measurement",No
NdO3,Nd,,9,2.4904,8,"Computed (Materials Project, DFT + FEFF) -- not a lab measurement",No
NdO3,Nd,,,,8,"Computed (Materials Project, DFT + FEFF) -- not a lab measurement",No
Ni15O16,Ni,2.1333333333333333,6,2.0916,0,"Computed (Materials Project, DFT + FEFF) -- not a lab measurement",No
Ni15O16,Ni,2.1333333333333333,6,2.0926,0,"Computed (Materials Project, DFT + FEFF) -- not a lab measurement",No
Ni15O16,Ni,2.1333333333333333,6,2.0948,,"Computed (Materials Project, DFT + FEFF) -- not a lab measurement",No
Ni2O3,Ni,3.0,6,2.0148,0,"Computed (Materials Project, DFT + FEFF) -- not a lab measurement",No
Ni2O5,Ni,4.0,6,1.9702,,"Computed (Materials Project, DFT + FEFF) -- not a lab measurement",No
Ni3O4,Ni,2.6666666666666665,6,2.0026,8,"Computed (Materials Project, DFT + FEFF) -- not a lab measurement",No
Ni3O4,Ni,,,,0,"Computed (Materials Project, DFT + FEFF) -- not a lab measurement",No
Ni4O,Ni,,4,2.4646,,"Computed (Materials Project, DFT + FEFF) -- not a lab measurement",No
Ni4O3,Ni,1.5,4,2.082,,"Computed (Materials Project, DFT + FEFF) -- not a lab measurement",No
Ni5O4,Ni,1.6,6,2.0467,,"Computed (Materials Project, DFT + FEFF) -- not a lab measurement",No
Ni5O6,Ni,,,,0,"Computed (Materials Project, DFT + FEFF) -- not a lab measurement",No
Ni5O7,Ni,2.8,6,2.0425,0,"Computed (Materials Project, DFT + FEFF) -- not a lab measurement",No
Ni6O7,Ni,,,,0,"Computed (Materials Project, DFT + FEFF) -- not a lab measurement",No
Ni9O10,Ni,2.2222222222222223,6,2.0743,0,"Computed (Materials Project, DFT + FEFF) -- not a lab measurement",No
Ni9O13,Ni,2.888888888888889,6,2.0412,10,"Computed (Materials Project, DFT + FEFF) -- not a lab measurement",No
NiO,Ni,2.0,6,2.0932,0,"Computed (Materials Project, DFT + FEFF) -- not a lab measurement",No
NiO2,Ni,,,,0,"Computed (Materials Project, DFT + FEFF) -- not a lab measurement",No
NiO2,Ni,,,,0,"Computed (Materials Project, DFT + FEFF) -- not a lab measurement",No
NiO2,Ni,,,,0,"Computed (Materials Project, DFT + FEFF) -- not a lab measurement",No
NiO2,Ni,4.0,6,1.8777,1,"Computed (Materials Project, DFT + FEFF) -- not a lab measurement",No
NiO2,Ni,,,,0,"Computed (Materials Project, DFT + FEFF) -- not a lab measurement",No
NiO2,Ni,4.0,4,1.8144,0,"Computed (Materials Project, DFT + FEFF) -- not a lab measurement",No
NiO2,Ni,4.0,6,1.9228,10,"Computed (Materials Project, DFT + FEFF) -- not a lab measurement",No
NiO2,Ni,3.75,6,1.8798,0,"Computed (Materials Project, DFT + FEFF) -- not a lab measurement",No
NiO2,Ni,4.0,6,1.9264,0,"Computed (Materials Project, DFT + FEFF) -- not a lab measurement",No
NiO2,Ni,3.0,5,1.8608,0,"Computed (Materials Project, DFT + FEFF) -- not a lab measurement",No
NiO2,Ni,3.75,5,1.8875,0,"Computed (Materials Project, DFT + FEFF) -- not a lab measurement",No
Np2O5,Np,5.0,6,2.22,8,"Computed (Materials Project, DFT + FEFF) -- not a lab measurement",No
NpO2,Np,,8,2.3482,8,"Computed (Materials Project, DFT + FEFF) -- not a lab measurement",No
OsO2,Os,4.0,6,1.9923,8,"Computed (Materials Project, DFT + FEFF) -- not a lab measurement",No
OsO4,Os,,4,1.7121,8,"Computed (Materials Project, DFT + FEFF) -- not a lab measurement",No
OsO4,Os,,4,1.7231,8,"Computed (Materials Project, DFT + FEFF) -- not a lab measurement",No
PaO,Pa,,6,2.469,8,"Computed (Materials Project, DFT + FEFF) -- not a lab measurement",No
PaO2,Pa,,8,2.3531,8,"Computed (Materials Project, DFT + FEFF) -- not a lab measurement",No
Pb2O,Pb,,2,2.3696,4,"Computed (Materials Project, DFT + FEFF) -- not a lab measurement",No
Pb2O3,Pb,3.0,6,2.4188,8,"Computed (Materials Project, DFT + FEFF) -- not a lab measurement",No
Pb2O3,Pb,3.0,6,2.4061,8,"Computed (Materials Project, DFT + FEFF) -- not a lab measurement",No
Pb2O3,Pb,3.0,6,2.4291,8,"Computed (Materials Project, DFT + FEFF) -- not a lab measurement",No
Pb3O4,Pb,2.6666666666666665,5,2.3101,8,"Computed (Materials Project, DFT + FEFF) -- not a lab measurement",No
Pb3O4,Pb,2.6666666666666665,5,2.3091,8,"Computed (Materials Project, DFT + FEFF) -- not a lab measurement",No
Pb3O4,Pb,2.6666666666666665,6,2.4719,8,"Computed (Materials Project, DFT + FEFF) -- not a lab measurement",No
Pb3O5,Pb,3.3333333333333335,7,2.4309,8,"Computed (Materials Project, DFT + FEFF) -- not a lab measurement",No
PbO,Pb,2.0,4,2.3263,8,"Computed (Materials Project, DFT + FEFF) -- not a lab measurement",No
PbO,Pb,2.0,4,2.3614,8,"Computed (Materials Project, DFT + FEFF) -- not a lab measurement",No
PbO,Pb,2.0,3,2.2558,4,"Computed (Materials Project, DFT + FEFF) -- not a lab measurement",No
PbO,Pb,2.0,4,2.3257,8,"Computed (Materials Project, DFT + FEFF) -- not a lab measurement",No
PbO,Pb,2.0,4,2.4703,8,"Computed (Materials Project, DFT + FEFF) -- not a lab measurement",No
PbO2,Pb,4.0,8,2.34,8,"Computed (Materials Project, DFT + FEFF) -- not a lab measurement",No
PbO2,Pb,4.0,6,2.1861,8,"Computed (Materials Project, DFT + FEFF) -- not a lab measurement",No
PbO2,Pb,4.0,6,2.1777,8,"Computed (Materials Project, DFT + FEFF) -- not a lab measurement",No
Pd2O,Pd,,2,1.9669,4,"Computed (Materials Project, DFT + FEFF) -- not a lab measurement",No
Pd7O8,Pd,2.2857142857142856,5,2.1296,10,"Computed (Materials Project, DFT + FEFF) -- not a lab measurement",No
PdO,Pd,2.0,4,2.0333,10,"Computed (Materials Project, DFT + FEFF) -- not a lab measurement",No
PdO,Pd,2.0,6,2.2734,10,"Computed (Materials Project, DFT + FEFF) -- not a lab measurement",No
PdO,Pd,2.0,8,2.4383,10,"Computed (Materials Project, DFT + FEFF) -- not a lab measurement",No
Pr2O3,Pr,3.0,7,2.5035,8,"Computed (Materials Project, DFT + FEFF) -- not a lab measurement",No
Pr2O3,Pr,3.0,7,2.4841,8,"Computed (Materials Project, DFT + FEFF) -- not a lab measurement",No
Pr2O3,Pr,3.0,6,2.4194,8,"Computed (Materials Project, DFT + FEFF) -- not a lab measurement",No
Pr5O9,Pr,3.6,7,2.4657,8,"Computed (Materials Project, DFT + FEFF) -- not a lab measurement",No
Pr5O9,Pr,3.0,7,2.4921,8,"Computed (Materials Project, DFT + FEFF) -- not a lab measurement",No
Pr6O11,Pr,3.6666666666666665,7,2.4708,8,"Computed (Materials Project, DFT + FEFF) -- not a lab measurement",No
Pr6O11,Pr,3.6666666666666665,7,2.4662,8,"Computed (Materials Project, DFT + FEFF) -- not a lab measurement",No
Pr7O12,Pr,3.4285714285714284,7,2.4444,8,"Computed (Materials Project, DFT + FEFF) -- not a lab measurement",No
Pr9O16,Pr,3.5555555555555554,7,2.4638,8,"Computed (Materials Project, DFT + FEFF) -- not a lab measurement",No
PrO,Pr,2.0,6,2.5394,8,"Computed (Materials Project, DFT + FEFF) -- not a lab measurement",No
PrO2,Pr,4.0,8,2.479,8,"Computed (Materials Project, DFT + FEFF) -- not a lab measurement",No
Pt3O4,Pt,2.6666666666666665,4,1.9808,8,"Computed (Materials Project, DFT + FEFF) -- not a lab measurement",No
Pt3O4,Pt,2.6666666666666665,8,2.374,8,"Computed (Materials Project, DFT + FEFF) -- not a lab measurement",No
PtO,Pt,2.0,6,2.3129,8,"Computed (Materials Project, DFT + FEFF) -- not a lab measurement",No
PtO2,Pt,4.0,6,2.015,8,"Computed (Materials Project, DFT + FEFF) -- not a lab measurement",No
PtO2,Pt,4.0,4,1.9415,8,"Computed (Materials Project, DFT + FEFF) -- not a lab measurement",No
PtO2,Pt,4.0,6,2.0365,8,"Computed (Materials Project, DFT + FEFF) -- not a lab measurement",No
PtO3,Pt,,6,1.9773,8,"Computed (Materials Project, DFT + FEFF) -- not a lab measurement",No
Pu2O3,Pu,,7,2.4358,8,"Computed (Materials Project, DFT + FEFF) -- not a lab measurement",No
Pu2O3,Pu,,6,2.3593,8,"Computed (Materials Project, DFT + FEFF) -- not a lab measurement",No
Pu2O3,Pu,,6,2.3338,5,"Computed (Materials Project, DFT + FEFF) -- not a lab measurement",No
Pu3O2,Pu,,4,2.4944,5,"Computed (Materials Project, DFT + FEFF) -- not a lab measurement",No
PuO2,Pu,4.0,8,2.3247,8,"Computed (Materials Project, DFT + FEFF) -- not a lab measurement",No
Rb19O3,Rb,,1,2.8401,4,"Computed (Materials Project, DFT + FEFF) -- not a lab measurement",No
Rb2O,Rb,1.0,4,2.9222,4,"Computed (Materials Project, DFT + FEFF) -- not a lab measurement",No
Rb2O,Rb,1.0,4,2.8657,4,"Computed (Materials Project, DFT + FEFF) -- not a lab measurement",No
Rb2O3,Rb,,6,2.9468,4,"Computed (Materials Project, DFT + FEFF) -- not a lab measurement",No
Rb6O,Rb,,3,4.2383,4,"Computed (Materials Project, DFT + FEFF) -- not a lab measurement",No
Rb9O2,Rb,,1,2.7584,4,"Computed (Materials Project, DFT + FEFF) -- not a lab measurement",No
RbO2,Rb,,10,2.7823,4,"Computed (Materials Project, DFT + FEFF) -- not a lab measurement",No
RbO3,Rb,,9,3.0813,4,"Computed (Materials Project, DFT + FEFF) -- not a lab measurement",No
Re2O7,Re,7.0,4,1.7722,8,"Computed (Materials Project, DFT + FEFF) -- not a lab measurement",No
Re3O8,Re,5.333333333333333,6,1.9584,8,"Computed (Materials Project, DFT + FEFF) -- not a lab measurement",No
ReO2,Re,4.0,6,2.0182,8,"Computed (Materials Project, DFT + FEFF) -- not a lab measurement",No
ReO3,Re,6.0,6,1.8826,8,"Computed (Materials Project, DFT + FEFF) -- not a lab measurement",No
ReO3,Re,6.0,6,1.8985,8,"Computed (Materials Project, DFT + FEFF) -- not a lab measurement",No
ReO3,Re,6.0,6,1.8828,8,"Computed (Materials Project, DFT + FEFF) -- not a lab measurement",No
ReO3,Re,6.0,6,1.8827,8,"Computed (Materials Project, DFT + FEFF) -- not a lab measurement",No
Rh2O3,Rh,3.0,6,2.0569,10,"Computed (Materials Project, DFT + FEFF) -- not a lab measurement",No
Rh2O3,Rh,3.0,6,2.0515,10,"Computed (Materials Project, DFT + FEFF) -- not a lab measurement",No
Rh2O3,Rh,3.0,6,2.0544,10,"Computed (Materials Project, DFT + FEFF) -- not a lab measurement",No
RuO2,Ru,4.0,6,1.9689,10,"Computed (Materials Project, DFT + FEFF) -- not a lab measurement",No
RuO2,Ru,4.0,6,1.9823,4,"Computed (Materials Project, DFT + FEFF) -- not a lab measurement",No
RuO2,Ru,4.0,8,2.1032,10,"Computed (Materials Project, DFT + FEFF) -- not a lab measurement",No
RuO4,Ru,,4,1.6885,4,"Computed (Materials Project, DFT + FEFF) -- not a lab measurement",No
RuO4,Ru,,4,1.6886,8,"Computed (Materials Project, DFT + FEFF) -- not a lab measurement",No
Sc2O3,Sc,3.0,6,2.1253,10,"Computed (Materials Project, DFT + FEFF) -- not a lab measurement",No
Sc2O3,Sc,3.0,7,2.2322,0,"Computed (Materials Project, DFT + FEFF) -- not a lab measurement",No
Sc2O3,Sc,3.0,7,2.1875,4,"Computed (Materials Project, DFT + FEFF) -- not a lab measurement",No
Sc2O3,Sc,3.0,6,2.1315,10,"Computed (Materials Project, DFT + FEFF) -- not a lab measurement",No
ScO,Sc,2.0,6,2.2284,10,"Computed (Materials Project, DFT + FEFF) -- not a lab measurement",No
Sm2O,Sm,,3,2.4964,8,"Computed (Materials Project, DFT + FEFF) -- not a lab measurement",No
Sm2O3,Sm,3.0,6,2.3548,8,"Computed (Materials Project, DFT + FEFF) -- not a lab measurement",No
Sm2O3,Sm,3.0,7,2.4174,8,"Computed (Materials Project, DFT + FEFF) -- not a lab measurement",No
Sm2O3,Sm,3.0,7,2.4392,8,"Computed (Materials Project, DFT + FEFF) -- not a lab measurement",No
Sm32O21,Sm,,3,2.5229,8,"Computed (Materials Project, DFT + FEFF) -- not a lab measurement",No
SmO,Sm,2.0,6,2.4832,8,"Computed (Materials Project, DFT + FEFF) -- not a lab measurement",No
Sn2O3,Sn,3.0,4,2.1675,10,"Computed (Materials Project, DFT + FEFF) -- not a lab measurement",No
Sn5O6,Sn,2.4,4,2.0958,10,"Computed (Materials Project, DFT + FEFF) -- not a lab measurement",No
Sn5O7,Sn,2.8,5,2.3064,,"Computed (Materials Project, DFT + FEFF) -- not a lab measurement",No
SnO,Sn,2.0,4,2.2269,10,"Computed (Materials Project, DFT + FEFF) -- not a lab measurement",No
SnO,Sn,2.0,3,2.1567,10,"Computed (Materials Project, DFT + FEFF) -- not a lab measurement",No
SnO,Sn,2.0,4,2.2536,10,"Computed (Materials Project, DFT + FEFF) -- not a lab measurement",No
SnO,Sn,2.0,4,2.3164,10,"Computed (Materials Project, DFT + FEFF) -- not a lab measurement",No
SnO2,Sn,4.0,6,2.0667,10,"Computed (Materials Project, DFT + FEFF) -- not a lab measurement",No
SnO2,Sn,4.0,6,2.0718,10,"Computed (Materials Project, DFT + FEFF) -- not a lab measurement",No
SnO2,Sn,4.0,8,2.2293,10,"Computed (Materials Project, DFT + FEFF) -- not a lab measurement",No
SnO2,Sn,4.0,6,2.0686,10,"Computed (Materials Project, DFT + FEFF) -- not a lab measurement",No
SnO2,Sn,4.0,7,2.1726,10,"Computed (Materials Project, DFT + FEFF) -- not a lab measurement",No
SnO2,Sn,4.0,6,2.0938,10,"Computed (Materials Project, DFT + FEFF) -- not a lab measurement",No
SnO2,Sn,4.0,6,2.1238,10,"Computed (Materials Project, DFT + FEFF) -- not a lab measurement",No
SnO2,Sn,4.0,6,2.1407,10,"Computed (Materials Project, DFT + FEFF) -- not a lab measurement",No
SnO2,Sn,4.0,6,2.1275,10,"Computed (Materials Project, DFT + FEFF) -- not a lab measurement",No
SrO,Sr,2.0,6,2.5838,10,"Computed (Materials Project, DFT + FEFF) -- not a lab measurement",No
SrO,Sr,2.0,8,2.7208,4,"Computed (Materials Project, DFT + FEFF) -- not a lab measurement",No
SrO2,Sr,2.0,10,2.5928,10,"Computed (Materials Project, DFT + FEFF) -- not a lab measurement",No
Ta11O2,Ta,,4,2.7764,8,"Computed (Materials Project, DFT + FEFF) -- not a lab measurement",No
Ta2O,Ta,1.0,2,1.8609,8,"Computed (Materials Project, DFT + FEFF) -- not a lab measurement",No
Ta2O5,Ta,5.0,6,2.0034,8,"Computed (Materials Project, DFT + FEFF) -- not a lab measurement",No
Ta2O5,Ta,5.0,6,2.0357,8,"Computed (Materials Project, DFT + FEFF) -- not a lab measurement",No
Ta2O5,Ta,5.0,7,2.021,8,"Computed (Materials Project, DFT + FEFF) -- not a lab measurement",No
Ta2O5,Ta,5.0,6,2.0361,8,"Computed (Materials Project, DFT + FEFF) -- not a lab measurement",No
Ta2O5,Ta,5.0,6,2.0304,8,"Computed (Materials Project, DFT + FEFF) -- not a lab measurement",No
Ta2O5,Ta,5.0,5,1.9739,8,"Computed (Materials Project, DFT + FEFF) -- not a lab measurement",No
Ta4O,Ta,,4,2.5626,8,"Computed (Materials Project, DFT + FEFF) -- not a lab measurement",No
TaO,Ta,2.0,6,2.2536,8,"Computed (Materials Project, DFT + FEFF) -- not a lab measurement",No
TaO2,Ta,4.0,6,2.0748,8,"Computed (Materials Project, DFT + FEFF) -- not a lab measurement",No
TaO2,Ta,4.0,6,2.0686,8,"Computed (Materials Project, DFT + FEFF) -- not a lab measurement",No
TaO2,Ta,4.0,5,2.0257,8,"Computed (Materials Project, DFT + FEFF) -- not a lab measurement",No
TaO3,Ta,3.0,12,2.2892,8,"Computed (Materials Project, DFT + FEFF) -- not a lab measurement",No
TaO3,Ta,,6,1.9785,8,"Computed (Materials Project, DFT + FEFF) -- not a lab measurement",No
Tb11O20,Tb,3.6363636363636362,7,2.3586,8,"Computed (Materials Project, DFT + FEFF) -- not a lab measurement",No
Tb11O20,Tb,3.6363636363636362,7,2.3558,8,"Computed (Materials Project, DFT + FEFF) -- not a lab measurement",No
Tb2O3,Tb,3.0,6,2.2966,8,"Computed (Materials Project, DFT + FEFF) -- not a lab measurement",No
Tb2O3,Tb,3.0,7,2.3589,8,"Computed (Materials Project, DFT + FEFF) -- not a lab measurement",No
Tb2O3,Tb,3.0,7,2.3823,8,"Computed (Materials Project, DFT + FEFF) -- not a lab measurement",No
Tb2O3,Tb,3.0,6,2.3312,8,"Computed (Materials Project, DFT + FEFF) -- not a lab measurement",No
Tb5O9,Tb,3.6,7,2.3565,,"Computed (Materials Project, DFT + FEFF) -- not a lab measurement",No
Tb6O11,Tb,3.5833333333333335,7,2.3625,8,"Computed (Materials Project, DFT + FEFF) -- not a lab measurement",No
Tb7O12,Tb,3.4285714285714284,7,2.3452,8,"Computed (Materials Project, DFT + FEFF) -- not a lab measurement",No
TbO2,Tb,4.0,8,2.3694,8,"Computed (Materials Project, DFT + FEFF) -- not a lab measurement",No
Tc2O7,Tc,7.0,4,1.7186,7,"Computed (Materials Project, DFT + FEFF) -- not a lab measurement",No
TcO2,Tc,4.0,6,1.9873,10,"Computed (Materials Project, DFT + FEFF) -- not a lab measurement",No
Th3O,Th,,9,3.3043,4,"Computed (Materials Project, DFT + FEFF) -- not a lab measurement",No
ThO2,Th,4.0,8,2.4253,8,"Computed (Materials Project, DFT + FEFF) -- not a lab measurement",No
Ti10O11,Ti,2.2,6,2.1401,0,"Computed (Materials Project, DFT + FEFF) -- not a lab measurement",No
Ti10O13,Ti,2.6,6,2.0738,0,"Computed (Materials Project, DFT + FEFF) -- not a lab measurement",No
Ti11O14,Ti,2.5454545454545454,6,2.0911,0,"Computed (Materials Project, DFT + FEFF) -- not a lab measurement",No
Ti11O14,Ti,2.5454545454545454,6,2.0944,,"Computed (Materials Project, DFT + FEFF) -- not a lab measurement",No
Ti11O18,Ti,3.272727272727273,6,2.0238,10,"Computed (Materials Project, DFT + FEFF) -- not a lab measurement",No
Ti13O22,Ti,3.3846153846153846,6,2.0137,0,"Computed (Materials Project, DFT + FEFF) -- not a lab measurement",No
Ti19O30,Ti,3.1578947368421053,6,2.0307,10,"Computed (Materials Project, DFT + FEFF) -- not a lab measurement",No
Ti2O,Ti,,3,2.1456,10,"Computed (Materials Project, DFT + FEFF) -- not a lab measurement",No
Ti2O3,Ti,3.0,6,2.0411,10,"Computed (Materials Project, DFT + FEFF) -- not a lab measurement",No
Ti2O3,Ti,3.0,6,2.0823,0,"Computed (Materials Project, DFT + FEFF) -- not a lab measurement",No
Ti2O3,Ti,3.0,6,2.0511,0,"Computed (Materials Project, DFT + FEFF) -- not a lab measurement",No
Ti2O3,Ti,3.0,6,2.0852,7,"Computed (Materials Project, DFT + FEFF) -- not a lab measurement",No
Ti2O3,Ti,3.0,6,2.0555,,"Computed (Materials Project, DFT + FEFF) -- not a lab measurement",No
Ti2O7,Ti,,4,1.8287,7,"Computed (Materials Project, DFT + FEFF) -- not a lab measurement",No
Ti3O,Ti,,2,2.1153,10,"Computed (Materials Project, DFT + FEFF) -- not a lab measurement",No
Ti3O,Ti,,2,2.0892,4,"Computed (Materials Project, DFT + FEFF) -- not a lab measurement",No
Ti3O,Ti,,2,2.1154,10,"Computed (Materials Project, DFT + FEFF) -- not a lab measurement",No
Ti3O2,Ti,,4,2.1021,10,"Computed (Materials Project, DFT + FEFF) -- not a lab measurement",No
Ti3O4,Ti,2.6666666666666665,6,2.0714,0,"Computed (Materials Project, DFT + FEFF) -- not a lab measurement",No
Ti3O5,Ti,3.3333333333333335,6,2.0171,0,"Computed (Materials Project, DFT + FEFF) -- not a lab measurement",No
Ti3O5,Ti,3.3333333333333335,6,2.0299,10,"Computed (Materials Project, DFT + FEFF) -- not a lab measurement",No
Ti3O5,Ti,3.3333333333333335,6,2.0286,10,"Computed (Materials Project, DFT + FEFF) -- not a lab measurement",No
Ti3O5,Ti,3.3333333333333335,6,2.0234,10,"Computed (Materials Project, DFT + FEFF) -- not a lab measurement",No
Ti3O7,Ti,,6,2.005,,"Computed (Materials Project, DFT + FEFF) -- not a lab measurement",No
Ti4O5,Ti,2.5,6,2.0835,0,"Computed (Materials Project, DFT + FEFF) -- not a lab measurement",No
Ti4O7,Ti,3.5,6,2.0098,10,"Computed (Materials Project, DFT + FEFF) -- not a lab measurement",No
Ti4O7,Ti,3.5,6,2.0262,,"Computed (Materials Project, DFT + FEFF) -- not a lab measurement",No
Ti5O7,Ti,2.8,6,2.0657,4,"Computed (Materials Project, DFT + FEFF) -- not a lab measurement",No
Ti5O8,Ti,3.2,6,2.028,10,"Computed (Materials Project, DFT + FEFF) -- not a lab measurement",No
Ti5O9,Ti,3.6,6,2.0039,10,"Computed (Materials Project, DFT + FEFF) -- not a lab measurement",No
Ti6O,Ti,,1,2.0925,4,"Computed (Materials Project, DFT + FEFF) -- not a lab measurement",No
Ti6O,Ti,,1,2.0909,4,"Computed (Materials Project, DFT + FEFF) -- not a lab measurement",No
Ti6O11,Ti,3.6666666666666665,6,1.9979,10,"Computed (Materials Project, DFT + FEFF) -- not a lab measurement",No
Ti6O11,Ti,3.6666666666666665,6,1.994,10,"Computed (Materials Project, DFT + FEFF) -- not a lab measurement",No
Ti7O13,Ti,3.7142857142857144,6,1.9936,10,"Computed (Materials Project, DFT + FEFF) -- not a lab measurement",No
Ti7O8,Ti,2.2857142857142856,5,2.0963,4,"Computed (Materials Project, DFT + FEFF) -- not a lab measurement",No
Ti8O13,Ti,3.25,6,2.0219,10,"Computed (Materials Project, DFT + FEFF) -- not a lab measurement",No
Ti8O15,Ti,3.75,6,1.9903,0,"Computed (Materials Project, DFT + FEFF) -- not a lab measurement",No
Ti9O10,Ti,2.2222222222222223,5,2.1222,10,"Computed (Materials Project, DFT + FEFF) -- not a lab measurement",No
Ti9O13,Ti,2.888888888888889,6,2.0729,7,"Computed (Materials Project, DFT + FEFF) -- not a lab measurement",No
Ti9O17,Ti,3.7777777777777777,6,1.9871,10,"Computed (Materials Project, DFT + FEFF) -- not a lab measurement",No
Ti9O8,Ti,,5,2.163,0,"Computed (Materials Project, DFT + FEFF) -- not a lab measurement",No
TiO,Ti,2.0,5,2.0877,0,"Computed (Materials Project, DFT + FEFF) -- not a lab measurement",No
TiO,Ti,2.0,6,2.1447,0,"Computed (Materials Project, DFT + FEFF) -- not a lab measurement",No
TiO,Ti,2.0,5,2.1163,0,"Computed (Materials Project, DFT + FEFF) -- not a lab measurement",No
TiO,Ti,2.0,5,2.1476,10,"Computed (Materials Project, DFT + FEFF) -- not a lab measurement",No
TiO,Ti,2.0,6,2.1559,0,"Computed (Materials Project, DFT + FEFF) -- not a lab measurement",No
TiO,Ti,2.0,6,2.1508,0,"Computed (Materials Project, DFT + FEFF) -- not a lab measurement",No
TiO,Ti,2.0,4,2.0433,4,"Computed (Materials Project, DFT + FEFF) -- not a lab measurement",No
TiO,Ti,2.0,5,2.0746,,"Computed (Materials Project, DFT + FEFF) -- not a lab measurement",No
TiO2,Ti,4.0,6,1.9543,10,"Computed (Materials Project, DFT + FEFF) -- not a lab measurement",Yes
TiO2,Ti,4.0,7,2.0275,10,"Computed (Materials Project, DFT + FEFF) -- not a lab measurement",No
TiO2,Ti,4.0,6,1.9731,10,"Computed (Materials Project, DFT + FEFF) -- not a lab measurement",No
TiO2,Ti,4.0,6,1.9626,0,"Computed (Materials Project, DFT + FEFF) -- not a lab measurement",No
TiO2,Ti,4.0,6,1.9611,0,"Computed (Materials Project, DFT + FEFF) -- not a lab measurement",No
TiO2,Ti,4.0,6,1.9688,10,"Computed (Materials Project, DFT + FEFF) -- not a lab measurement",No
TiO2,Ti,4.0,6,1.9852,0,"Computed (Materials Project, DFT + FEFF) -- not a lab measurement",No
TiO2,Ti,4.0,6,1.9823,0,"Computed (Materials Project, DFT + FEFF) -- not a lab measurement",No
TiO2,Ti,4.0,6,1.9565,10,"Computed (Materials Project, DFT + FEFF) -- not a lab measurement",No
TiO2,Ti,4.0,4,1.8149,7,"Computed (Materials Project, DFT + FEFF) -- not a lab measurement",No
TiO2,Ti,4.0,6,1.9954,10,"Computed (Materials Project, DFT + FEFF) -- not a lab measurement",No
TiO2,Ti,4.0,4,1.8695,7,"Computed (Materials Project, DFT + FEFF) -- not a lab measurement",No
TiO2,Ti,4.0,4,1.925,7,"Computed (Materials Project, DFT + FEFF) -- not a lab measurement",No
TiO2,Ti,4.0,4,1.9242,7,"Computed (Materials Project, DFT + FEFF) -- not a lab measurement",No
TiO2,Ti,4.0,5,1.8993,,"Computed (Materials Project, DFT + FEFF) -- not a lab measurement",No
TiO2,Ti,4.0,6,1.9645,10,"Computed (Materials Project, DFT + FEFF) -- not a lab measurement",No
TiO2,Ti,4.0,6,1.9839,0,"Computed (Materials Project, DFT + FEFF) -- not a lab measurement",No
TiO2,Ti,4.0,6,1.9671,0,"Computed (Materials Project, DFT + FEFF) -- not a lab measurement",No
TiO2,Ti,4.0,6,1.962,0,"Computed (Materials Project, DFT + FEFF) -- not a lab measurement",No
TiO2,Ti,4.0,6,1.9659,10,"Computed (Materials Project, DFT + FEFF) -- not a lab measurement",No
TiO2,Ti,4.0,4,1.8265,7,"Computed (Materials Project, DFT + FEFF) -- not a lab measurement",No
TiO2,Ti,4.0,6,1.9967,10,"Computed (Materials Project, DFT + FEFF) -- not a lab measurement",No
TiO2,Ti,4.0,8,2.0958,10,"Computed (Materials Project, DFT + FEFF) -- not a lab measurement",No
TiO2,Ti,4.0,6,1.9773,0,"Computed (Materials Project, DFT + FEFF) -- not a lab measurement",No
TiO2,Ti,4.0,6,1.9874,7,"Computed (Materials Project, DFT + FEFF) -- not a lab measurement",No
TiO2,Ti,4.0,9,2.1506,,"Computed (Materials Project, DFT + FEFF) -- not a lab measurement",No
TiO2,Ti,4.0,6,1.9978,,"Computed (Materials Project, DFT + FEFF) -- not a lab measurement",No
TiO2,Ti,4.0,9,2.1722,,"Computed (Materials Project, DFT + FEFF) -- not a lab measurement",No
TiO2,Ti,4.0,6,2.0022,,"Computed (Materials Project, DFT + FEFF) -- not a lab measurement",No
TiO2,Ti,,,,7,"Computed (Materials Project, DFT + FEFF) -- not a lab measurement",No
Tl2O3,Tl,3.0,6,2.2851,8,"Computed (Materials Project, DFT + FEFF) -- not a lab measurement",No
Tl4O3,Tl,1.5,4,2.5471,8,"Computed (Materials Project, DFT + FEFF) -- not a lab measurement",No
Tm2O3,Tm,3.0,6,2.2369,8,"Computed (Materials Project, DFT + FEFF) -- not a lab measurement",No
Tm2O3,Tm,3.0,7,2.3243,8,"Computed (Materials Project, DFT + FEFF) -- not a lab measurement",No
Tm2O3,Tm,3.0,7,2.2982,8,"Computed (Materials Project, DFT + FEFF) -- not a lab measurement",No
TmO3,Tm,3.0,8,2.3898,8,"Computed (Materials Project, DFT + FEFF) -- not a lab measurement",No
U11O5,U,,2,2.2837,8,"Computed (Materials Project, DFT + FEFF) -- not a lab measurement",No
U13O34,U,5.230769230769231,7,2.1926,8,"Computed (Materials Project, DFT + FEFF) -- not a lab measurement",No
U17O31,U,3.6470588235294117,7,2.3524,8,"Computed (Materials Project, DFT + FEFF) -- not a lab measurement",No
U2O5,U,5.0,6,2.1889,8,"Computed (Materials Project, DFT + FEFF) -- not a lab measurement",No
U3O8,U,5.333333333333333,6,2.1351,10,"Computed (Materials Project, DFT + FEFF) -- not a lab measurement",No
U3O8,U,5.333333333333333,7,2.2265,5,"Computed (Materials Project, DFT + FEFF) -- not a lab measurement",No
U3O8,U,5.333333333333333,7,2.1818,8,"Computed (Materials Project, DFT + FEFF) -- not a lab measurement",No
U3O8,U,5.333333333333333,7,2.1839,8,"Computed (Materials Project, DFT + FEFF) -- not a lab measurement",No
UO,U,2.0,6,2.4317,8,"Computed (Materials Project, DFT + FEFF) -- not a lab measurement",No
UO2,U,4.0,8,2.3617,8,"Computed (Materials Project, DFT + FEFF) -- not a lab measurement",No
UO3,U,6.0,8,2.1833,8,"Computed (Materials Project, DFT + FEFF) -- not a lab measurement",No
UO3,U,6.0,6,2.0677,8,"Computed (Materials Project, DFT + FEFF) -- not a lab measurement",No
UO3,U,6.0,6,2.1859,8,"Computed (Materials Project, DFT + FEFF) -- not a lab measurement",No
UO3,U,6.0,7,2.1649,8,"Computed (Materials Project, DFT + FEFF) -- not a lab measurement",No
UO3,U,6.0,6,2.145,8,"Computed (Materials Project, DFT + FEFF) -- not a lab measurement",No
UO3,U,6.0,7,2.2114,8,"Computed (Materials Project, DFT + FEFF) -- not a lab measurement",No
V10O9,V,,5,2.2008,,"Computed (Materials Project, DFT + FEFF) -- not a lab measurement",No
V12O29,V,,,,7,"Computed (Materials Project, DFT + FEFF) -- not a lab measurement",No
V13O16,V,,,,,"Computed (Materials Project, DFT + FEFF) -- not a lab measurement",No
V16O3,V,,,,,"Computed (Materials Project, DFT + FEFF) -- not a lab measurement",No
V25O32,V,,,,,"Computed (Materials Project, DFT + FEFF) -- not a lab measurement",No
V2O3,V,,,,10,"Computed (Materials Project, DFT + FEFF) -- not a lab measurement",No
V2O3,V,3.0,6,2.1062,,"Computed (Materials Project, DFT + FEFF) -- not a lab measurement",No
V2O3,V,3.0,6,2.0217,10,"Computed (Materials Project, DFT + FEFF) -- not a lab measurement",No
V2O3,V,,,,10,"Computed (Materials Project, DFT + FEFF) -- not a lab measurement",No
V2O3,V,3.0,3,1.8207,,"Computed (Materials Project, DFT + FEFF) -- not a lab measurement",No
V2O3,V,,,,,"Computed (Materials Project, DFT + FEFF) -- not a lab measurement",No
V2O3,V,3.0,6,2.0649,,"Computed (Materials Project, DFT + FEFF) -- not a lab measurement",No
V2O3,V,3.0,6,2.1117,0,"Computed (Materials Project, DFT + FEFF) -- not a lab measurement",No
V2O3,V,3.0,6,2.0399,10,"Computed (Materials Project, DFT + FEFF) -- not a lab measurement",No
V2O3,V,3.0,6,2.1133,10,"Computed (Materials Project, DFT + FEFF) -- not a lab measurement",No
V2O5,V,,,,7,"Computed (Materials Project, DFT + FEFF) -- not a lab measurement",No
V2O5,V,,,,7,"Computed (Materials Project, DFT + FEFF) -- not a lab measurement",No
V2O5,V,,,,,"Computed (Materials Project, DFT + FEFF) -- not a lab measurement",No
V2O5,V,5.0,5,1.9636,,"Computed (Materials Project, DFT + FEFF) -- not a lab measurement",No
V2O5,V,,,,7,"Computed (Materials Project, DFT + FEFF) -- not a lab measurement",No
V2O5,V,,,,7,"Computed (Materials Project, DFT + FEFF) -- not a lab measurement",No
V2O5,V,,,,7,"Computed (Materials Project, DFT + FEFF) -- not a lab measurement",No
V2O5,V,5.0,6,1.9268,,"Computed (Materials Project, DFT + FEFF) -- not a lab measurement",No
V2O5,V,,,,,"Computed (Materials Project, DFT + FEFF) -- not a lab measurement",No
V2O5,V,5.0,6,1.9317,,"Computed (Materials Project, DFT + FEFF) -- not a lab measurement",No
V2O5,V,,,,,"Computed (Materials Project, DFT + FEFF) -- not a lab measurement",No
V2O5,V,5.0,6,1.9073,,"Computed (Materials Project, DFT + FEFF) -- not a lab measurement",No
V2O5,V,,,,7,"Computed (Materials Project, DFT + FEFF) -- not a lab measurement",No
V2O5,V,5.0,4,1.7563,7,"Computed (Materials Project, DFT + FEFF) -- not a lab measurement",No
V2O5,V,,,,7,"Computed (Materials Project, DFT + FEFF) -- not a lab measurement",No
V2O5,V,,,,7,"Computed (Materials Project, DFT + FEFF) -- not a lab measurement",No
V3O5,V,,,,,"Computed (Materials Project, DFT + FEFF) -- not a lab measurement",No
V3O5,V,3.3333333333333335,6,2.0329,,"Computed (Materials Project, DFT + FEFF) -- not a lab measurement",No
V3O5,V,3.3333333333333335,6,2.0322,,"Computed (Materials Project, DFT + FEFF) -- not a lab measurement",No
V3O7,V,4.666666666666667,5,1.8792,,"Computed (Materials Project, DFT + FEFF) -- not a lab measurement",No
V3O7,V,4.666666666666667,5,1.8844,,"Computed (Materials Project, DFT + FEFF) -- not a lab measurement",No
V3O7,V,,,,4,"Computed (Materials Project, DFT + FEFF) -- not a lab measurement",No
V4O7,V,,,,,"Computed (Materials Project, DFT + FEFF) -- not a lab measurement",No
V4O7,V,,,,,"Computed (Materials Project, DFT + FEFF) -- not a lab measurement",No
V4O7,V,3.5,6,2.0156,,"Computed (Materials Project, DFT + FEFF) -- not a lab measurement",No
V4O7,V,3.5,6,2.0232,,"Computed (Materials Project, DFT + FEFF) -- not a lab measurement",No
V4O9,V,,,,,"Computed (Materials Project, DFT + FEFF) -- not a lab measurement",No
V4O9,V,4.5,5,1.8853,,"Computed (Materials Project, DFT + FEFF) -- not a lab measurement",No
V5O12,V,,,,0,"Computed (Materials Project, DFT + FEFF) -- not a lab measurement",No
V5O12,V,,,,7,"Computed (Materials Project, DFT + FEFF) -- not a lab measurement",No
V5O12,V,4.8,6,1.951,7,"Computed (Materials Project, DFT + FEFF) -- not a lab measurement",No
V5O12,V,4.8,5,1.8323,7,"Computed (Materials Project, DFT + FEFF) -- not a lab measurement",No
V5O7,V,2.8,6,2.0948,,"Computed (Materials Project, DFT + FEFF) -- not a lab measurement",No
V5O9,V,,,,,"Computed (Materials Project, DFT + FEFF) -- not a lab measurement",No
V5O9,V,3.6,6,2.0113,,"Computed (Materials Project, DFT + FEFF) -- not a lab measurement",No
V6O11,V,3.6666666666666665,6,1.9915,10,"Computed (Materials Project, DFT + FEFF) -- not a lab measurement",No
V6O11,V,,,,,"Computed (Materials Project, DFT + FEFF) -- not a lab measurement",No
V6O13,V,4.333333333333333,6,1.9614,,"Computed (Materials Project, DFT + FEFF) -- not a lab measurement",No
V6O13,V,4.333333333333333,6,1.9273,10,"Computed (Materials Project, DFT + FEFF) -- not a lab measurement",No
V6O13,V,4.333333333333333,6,1.9615,0,"Computed (Materials Project, DFT + FEFF) -- not a lab measurement",No
V6O13,V,,,,,"Computed (Materials Project, DFT + FEFF) -- not a lab measurement",No
V6O13,V,4.333333333333333,6,1.9607,,"Computed (Materials Project, DFT + FEFF) -- not a lab measurement",No
V6O13,V,4.333333333333333,6,1.9706,,"Computed (Materials Project, DFT + FEFF) -- not a lab measurement",No
V7O13,V,,,,,"Computed (Materials Project, DFT + FEFF) -- not a lab measurement",No
V7O13,V,3.7142857142857144,6,2.0025,,"Computed (Materials Project, DFT + FEFF) -- not a lab measurement",No
V7O3,V,,3,2.2085,,"Computed (Materials Project, DFT + FEFF) -- not a lab measurement",No
V7O3,V,,,,,"Computed (Materials Project, DFT + FEFF) -- not a lab measurement",No
V8O,V,,5,2.5494,,"Computed (Materials Project, DFT + FEFF) -- not a lab measurement",No
V8O15,V,,,,,"Computed (Materials Project, DFT + FEFF) -- not a lab measurement",No
V9O13,V,2.888888888888889,6,2.0969,,"Computed (Materials Project, DFT + FEFF) -- not a lab measurement",No
V9O17,V,,,,,"Computed (Materials Project, DFT + FEFF) -- not a lab measurement",No
V9O17,V,3.7777777777777777,6,1.9894,,"Computed (Materials Project, DFT + FEFF) -- not a lab measurement",No
V9O20,V,3.888888888888889,6,2.0376,,"Computed (Materials Project, DFT + FEFF) -- not a lab measurement",No
V9O22,V,,,,7,"Computed (Materials Project, DFT + FEFF) -- not a lab measurement",No
V9O22,V,4.888888888888889,6,1.9231,,"Computed (Materials Project, DFT + FEFF) -- not a lab measurement",No
V9O22,V,,,,0,"Computed (Materials Project, DFT + FEFF) -- not a lab measurement",No
VO,V,2.0,6,2.1864,0,"Computed (Materials Project, DFT + FEFF) -- not a lab measurement",No
VO,V,2.0,6,2.1999,,"Computed (Materials Project, DFT + FEFF) -- not a lab measurement",No
VO2,V,4.0,6,1.9347,4,"Computed (Materials Project, DFT + FEFF) -- not a lab measurement",No
VO2,V,4.0,6,1.9629,,"Computed (Materials Project, DFT + FEFF) -- not a lab measurement",No
VO2,V,4.0,6,1.9787,,"Computed (Materials Project, DFT + FEFF) -- not a lab measurement",No
VO2,V,4.0,6,1.982,,"Computed (Materials Project, DFT + FEFF) -- not a lab measurement",No
VO2,V,4.0,6,1.9345,,"Computed (Materials Project, DFT + FEFF) -- not a lab measurement",No
VO2,V,4.0,6,1.9662,,"Computed (Materials Project, DFT + FEFF) -- not a lab measurement",No
VO2,V,4.0,6,1.9598,,"Computed (Materials Project, DFT + FEFF) -- not a lab measurement",No
VO2,V,4.0,6,1.9962,,"Computed (Materials Project, DFT + FEFF) -- not a lab measurement",No
VO2,V,4.0,6,1.9326,,"Computed (Materials Project, DFT + FEFF) -- not a lab measurement",No
VO2,V,4.0,6,1.9614,10,"Computed (Materials Project, DFT + FEFF) -- not a lab measurement",No
VO2,V,,,,0,"Computed (Materials Project, DFT + FEFF) -- not a lab measurement",No
VO2,V,,,,0,"Computed (Materials Project, DFT + FEFF) -- not a lab measurement",No
VO2,V,,,,0,"Computed (Materials Project, DFT + FEFF) -- not a lab measurement",No
VO2,V,,,,,"Computed (Materials Project, DFT + FEFF) -- not a lab measurement",No
VO2,V,,,,,"Computed (Materials Project, DFT + FEFF) -- not a lab measurement",No
VO2,V,4.0,4,1.8564,,"Computed (Materials Project, DFT + FEFF) -- not a lab measurement",No
VO2,V,4.0,6,1.971,,"Computed (Materials Project, DFT + FEFF) -- not a lab measurement",No
VO2,V,,,,,"Computed (Materials Project, DFT + FEFF) -- not a lab measurement",No
VO2,V,,,,,"Computed (Materials Project, DFT + FEFF) -- not a lab measurement",No
VO2,V,,,,,"Computed (Materials Project, DFT + FEFF) -- not a lab measurement",No
VO2,V,4.0,4,1.8424,,"Computed (Materials Project, DFT + FEFF) -- not a lab measurement",No
VO2,V,4.0,6,1.892,,"Computed (Materials Project, DFT + FEFF) -- not a lab measurement",No
VO2,V,4.0,6,1.9731,,"Computed (Materials Project, DFT + FEFF) -- not a lab measurement",No
VO2,V,4.0,6,1.9918,,"Computed (Materials Project, DFT + FEFF) -- not a lab measurement",No
VO2,V,4.0,6,1.9932,,"Computed (Materials Project, DFT + FEFF) -- not a lab measurement",No
VO2,V,4.0,6,1.934,,"Computed (Materials Project, DFT + FEFF) -- not a lab measurement",No
VO2,V,,,,7,"Computed (Materials Project, DFT + FEFF) -- not a lab measurement",No
VO2,V,4.0,5,1.8942,0,"Computed (Materials Project, DFT + FEFF) -- not a lab measurement",No
VO2,V,4.0,5,1.9021,7,"Computed (Materials Project, DFT + FEFF) -- not a lab measurement",No
VO2,V,,,,10,"Computed (Materials Project, DFT + FEFF) -- not a lab measurement",No
W10O29,W,,,,8,"Computed (Materials Project, DFT + FEFF) -- not a lab measurement",No
W18O49,W,,,,8,"Computed (Materials Project, DFT + FEFF) -- not a lab measurement",No
W25O73,W,5.84,6,1.9362,8,"Computed (Materials Project, DFT + FEFF) -- not a lab measurement",No
W2O5,W,5.0,5,1.9837,,"Computed (Materials Project, DFT + FEFF) -- not a lab measurement",No
W3O,W,,,,8,"Computed (Materials Project, DFT + FEFF) -- not a lab measurement",No
W3O8,W,5.333333333333333,5,1.9835,,"Computed (Materials Project, DFT + FEFF) -- not a lab measurement",No
W3O8,W,5.333333333333333,6,2.0133,,"Computed (Materials Project, DFT + FEFF) -- not a lab measurement",No
W3O8,W,5.333333333333333,7,1.9835,8,"Computed (Materials Project, DFT + FEFF) -- not a lab measurement",No
W8O21,W,,,,8,"Computed (Materials Project, DFT + FEFF) -- not a lab measurement",No
WO2,W,4.0,6,2.0778,,"Computed (Materials Project, DFT + FEFF) -- not a lab measurement",No
WO2,W,4.0,6,2.101,,"Computed (Materials Project, DFT + FEFF) -- not a lab measurement",No
WO2,W,4.0,6,2.0775,,"Computed (Materials Project, DFT + FEFF) -- not a lab measurement",No
WO2,W,4.0,6,2.1132,,"Computed (Materials Project, DFT + FEFF) -- not a lab measurement",No
WO2,W,,,,8,"Computed (Materials Project, DFT + FEFF) -- not a lab measurement",No
WO2,W,4.0,6,2.0776,8,"Computed (Materials Project, DFT + FEFF) -- not a lab measurement",No
WO2,W,,,,8,"Computed (Materials Project, DFT + FEFF) -- not a lab measurement",No
WO2,W,,,,8,"Computed (Materials Project, DFT + FEFF) -- not a lab measurement",No
WO3,W,,,,,"Computed (Materials Project, DFT + FEFF) -- not a lab measurement",No
WO3,W,,,,8,"Computed (Materials Project, DFT + FEFF) -- not a lab measurement",No
WO3,W,6.0,6,1.9082,8,"Computed (Materials Project, DFT + FEFF) -- not a lab measurement",No
WO3,W,,,,8,"Computed (Materials Project, DFT + FEFF) -- not a lab measurement",No
WO3,W,6.0,6,1.9264,8,"Computed (Materials Project, DFT + FEFF) -- not a lab measurement",No
WO3,W,6.0,6,1.9285,8,"Computed (Materials Project, DFT + FEFF) -- not a lab measurement",No
WO3,W,6.0,6,1.9385,8,"Computed (Materials Project, DFT + FEFF) -- not a lab measurement",No
WO3,W,6.0,6,1.9031,8,"Computed (Materials Project, DFT + FEFF) -- not a lab measurement",No
WO3,W,6.0,6,1.8527,8,"Computed (Materials Project, DFT + FEFF) -- not a lab measurement",No
WO3,W,6.0,6,1.9409,8,"Computed (Materials Project, DFT + FEFF) -- not a lab measurement",No
WO3,W,6.0,6,1.9379,8,"Computed (Materials Project, DFT + FEFF) -- not a lab measurement",No
WO3,W,,,,8,"Computed (Materials Project, DFT + FEFF) -- not a lab measurement",No
Y2O3,Y,3.0,6,2.2839,10,"Computed (Materials Project, DFT + FEFF) -- not a lab measurement",No
Y2O3,Y,3.0,7,2.3719,10,"Computed (Materials Project, DFT + FEFF) -- not a lab measurement",No
Y2O3,Y,3.0,7,2.3464,10,"Computed (Materials Project, DFT + FEFF) -- not a lab measurement",No
Y2O3,Y,3.0,6,2.2918,8,"Computed (Materials Project, DFT + FEFF) -- not a lab measurement",No
Y2O3,Y,3.0,6,2.295,10,"Computed (Materials Project, DFT + FEFF) -- not a lab measurement",No
Y2O3,Y,3.0,6,2.3289,4,"Computed (Materials Project, DFT + FEFF) -- not a lab measurement",No
Y2O3,Y,3.0,7,2.3746,10,"Computed (Materials Project, DFT + FEFF) -- not a lab measurement",No
Yb2O3,Yb,3.0,6,2.2248,8,"Computed (Materials Project, DFT + FEFF) -- not a lab measurement",No
YbO,Yb,,,,8,"Computed (Materials Project, DFT + FEFF) -- not a lab measurement",No
YbO2,Yb,,,,,"Computed (Materials Project, DFT + FEFF) -- not a lab measurement",No
ZnO,Zn,2.0,4,1.9739,0,"Computed (Materials Project, DFT + FEFF) -- not a lab measurement",No
ZnO,Zn,2.0,4,1.9745,0,"Computed (Materials Project, DFT + FEFF) -- not a lab measurement",No
ZnO,Zn,2.0,6,2.1694,0,"Computed (Materials Project, DFT + FEFF) -- not a lab measurement",No
ZnO,Zn,2.0,8,2.3312,0,"Computed (Materials Project, DFT + FEFF) -- not a lab measurement",No
ZnO,Zn,2.0,6,2.1721,0,"Computed (Materials Project, DFT + FEFF) -- not a lab measurement",No
ZnO,Zn,2.0,3,1.9564,,"Computed (Materials Project, DFT + FEFF) -- not a lab measurement",No
ZnO,Zn,2.0,4,1.9769,,"Computed (Materials Project, DFT + FEFF) -- not a lab measurement",No
ZnO,Zn,,,,,"Computed (Materials Project, DFT + FEFF) -- not a lab measurement",No
ZnO2,Zn,2.0,6,2.1352,0,"Computed (Materials Project, DFT + FEFF) -- not a lab measurement",No
ZnO2,Zn,2.0,6,2.0391,,"Computed (Materials Project, DFT + FEFF) -- not a lab measurement",No
ZnO2,Zn,2.0,6,2.1281,,"Computed (Materials Project, DFT + FEFF) -- not a lab measurement",No
Zr2O,Zr,1.0,2,2.1115,4,"Computed (Materials Project, DFT + FEFF) -- not a lab measurement",No
Zr3O,Zr,,2,2.2736,10,"Computed (Materials Project, DFT + FEFF) -- not a lab measurement",No
Zr3O,Zr,,2,2.2702,10,"Computed (Materials Project, DFT + FEFF) -- not a lab measurement",No
Zr3O,Zr,,2,2.2713,10,"Computed (Materials Project, DFT + FEFF) -- not a lab measurement",No
ZrO,Zr,2.0,4,2.1766,4,"Computed (Materials Project, DFT + FEFF) -- not a lab measurement",No
ZrO,Zr,2.0,6,2.3127,10,"Computed (Materials Project, DFT + FEFF) -- not a lab measurement",No
ZrO2,Zr,4.0,9,2.3068,10,"Computed (Materials Project, DFT + FEFF) -- not a lab measurement",No
ZrO2,Zr,4.0,8,2.2041,10,"Computed (Materials Project, DFT + FEFF) -- not a lab measurement",No
ZrO2,Zr,4.0,8,2.2349,10,"Computed (Materials Project, DFT + FEFF) -- not a lab measurement",No
ZrO2,Zr,4.0,7,2.1625,10,"Computed (Materials Project, DFT + FEFF) -- not a lab measurement",No
ZrO2,Zr,4.0,7,2.166,4,"Computed (Materials Project, DFT + FEFF) -- not a lab measurement",No
ZrO2,Zr,4.0,6,2.1066,8,"Computed (Materials Project, DFT + FEFF) -- not a lab measurement",No
ZrO2,Zr,4.0,7,2.1772,10,"Computed (Materials Project, DFT + FEFF) -- not a lab measurement",No
ZrO2,Zr,4.0,6,2.1066,10,"Computed (Materials Project, DFT + FEFF) -- not a lab measurement",No
ZrO2,Zr,4.0,6,2.109,10,"Computed (Materials Project, DFT + FEFF) -- not a lab measurement",No
ZrO2,Zr,4.0,6,2.1358,10,"Computed (Materials Project, DFT + FEFF) -- not a lab measurement",No
ZrO2,Zr,4.0,7,2.1605,10,"Computed (Materials Project, DFT + FEFF) -- not a lab measurement",No
ZrO2,Zr,4.0,6,2.1052,10,"Computed (Materials Project, DFT + FEFF) -- not a lab measurement",No
